trading_date,ref_date,rank,code,score
2026-01-05,2025-12-31,1,688708,51.0
2026-01-05,2025-12-31,2,603040,50.0
2026-01-05,2025-12-31,3,000657,48.0
2026-01-05,2025-12-31,4,002378,48.0
2026-01-05,2025-12-31,5,002446,48.0
2026-01-05,2025-12-31,6,603268,48.0
2026-01-05,2025-12-31,7,688258,48.0
2026-01-05,2025-12-31,8,002379,47.0
2026-01-05,2025-12-31,9,300005,47.0
2026-01-05,2025-12-31,10,301273,47.0
2026-01-05,2025-12-31,11,300045,46.0
2026-01-05,2025-12-31,12,300909,46.0
2026-01-05,2025-12-31,13,600259,46.0
2026-01-05,2025-12-31,14,603979,46.0
2026-01-05,2025-12-31,15,688125,46.0
2026-01-05,2025-12-31,16,688367,46.0
2026-01-05,2025-12-31,17,000408,45.0
2026-01-05,2025-12-31,18,000960,45.0
2026-01-05,2025-12-31,19,300053,45.0
2026-01-05,2025-12-31,20,300455,45.0
2026-01-05,2025-12-31,21,300499,45.0
2026-01-05,2025-12-31,22,300762,45.0
2026-01-05,2025-12-31,23,301003,45.0
2026-01-05,2025-12-31,24,301227,45.0
2026-01-05,2025-12-31,25,301369,45.0
2026-01-05,2025-12-31,26,601689,45.0
2026-01-05,2025-12-31,27,688372,45.0
2026-01-05,2025-12-31,28,688678,45.0
2026-01-05,2025-12-31,29,000608,44.0
2026-01-05,2025-12-31,30,000901,44.0
2026-01-05,2025-12-31,31,002171,44.0
2026-01-05,2025-12-31,32,002342,44.0
2026-01-05,2025-12-31,33,002842,44.0
2026-01-05,2025-12-31,34,300137,44.0
2026-01-05,2025-12-31,35,300680,44.0
2026-01-05,2025-12-31,36,300756,44.0
2026-01-05,2025-12-31,37,301070,44.0
2026-01-05,2025-12-31,38,600577,44.0
2026-01-05,2025-12-31,39,601168,44.0
2026-01-05,2025-12-31,40,601233,44.0
2026-01-05,2025-12-31,41,601777,44.0
2026-01-05,2025-12-31,42,605365,44.0
2026-01-05,2025-12-31,43,688017,44.0
2026-01-05,2025-12-31,44,688322,44.0
2026-01-05,2025-12-31,45,688386,44.0
2026-01-05,2025-12-31,46,688456,44.0
2026-01-05,2025-12-31,47,688489,44.0
2026-01-05,2025-12-31,48,688627,44.0
2026-01-05,2025-12-31,49,000426,43.0
2026-01-05,2025-12-31,50,002028,43.0
2026-01-06,2026-01-05,1,688708,51.0
2026-01-06,2026-01-05,2,603040,50.0
2026-01-06,2026-01-05,3,000657,49.0
2026-01-06,2026-01-05,4,002378,49.0
2026-01-06,2026-01-05,5,002446,49.0
2026-01-06,2026-01-05,6,002602,49.0
2026-01-06,2026-01-05,7,002379,48.0
2026-01-06,2026-01-05,8,300005,48.0
2026-01-06,2026-01-05,9,301273,48.0
2026-01-06,2026-01-05,10,603268,48.0
2026-01-06,2026-01-05,11,688258,48.0
2026-01-06,2026-01-05,12,600259,47.0
2026-01-06,2026-01-05,13,000408,46.0
2026-01-06,2026-01-05,14,002305,46.0
2026-01-06,2026-01-05,15,300045,46.0
2026-01-06,2026-01-05,16,300499,46.0
2026-01-06,2026-01-05,17,300762,46.0
2026-01-06,2026-01-05,18,300909,46.0
2026-01-06,2026-01-05,19,603979,46.0
2026-01-06,2026-01-05,20,688125,46.0
2026-01-06,2026-01-05,21,688367,46.0
2026-01-06,2026-01-05,22,688372,46.0
2026-01-06,2026-01-05,23,688678,46.0
2026-01-06,2026-01-05,24,000960,45.0
2026-01-06,2026-01-05,25,300053,45.0
2026-01-06,2026-01-05,26,300455,45.0
2026-01-06,2026-01-05,27,301003,45.0
2026-01-06,2026-01-05,28,301070,45.0
2026-01-06,2026-01-05,29,301369,45.0
2026-01-06,2026-01-05,30,600228,45.0
2026-01-06,2026-01-05,31,600577,45.0
2026-01-06,2026-01-05,32,601168,45.0
2026-01-06,2026-01-05,33,601689,45.0
2026-01-06,2026-01-05,34,688627,45.0
2026-01-06,2026-01-05,35,000608,44.0
2026-01-06,2026-01-05,36,000901,44.0
2026-01-06,2026-01-05,37,002171,44.0
2026-01-06,2026-01-05,38,002342,44.0
2026-01-06,2026-01-05,39,002436,44.0
2026-01-06,2026-01-05,40,002842,44.0
2026-01-06,2026-01-05,41,300093,44.0
2026-01-06,2026-01-05,42,300137,44.0
2026-01-06,2026-01-05,43,300229,44.0
2026-01-06,2026-01-05,44,300467,44.0
2026-01-06,2026-01-05,45,300638,44.0
2026-01-06,2026-01-05,46,300680,44.0
2026-01-06,2026-01-05,47,300720,44.0
2026-01-06,2026-01-05,48,301031,44.0
2026-01-06,2026-01-05,49,301138,44.0
2026-01-06,2026-01-05,50,301227,44.0
2026-01-07,2026-01-06,1,688708,51.0
2026-01-07,2026-01-06,2,002378,50.0
2026-01-07,2026-01-06,3,603040,50.0
2026-01-07,2026-01-06,4,000657,49.0
2026-01-07,2026-01-06,5,002446,49.0
2026-01-07,2026-01-06,6,002602,49.0
2026-01-07,2026-01-06,7,300005,49.0
2026-01-07,2026-01-06,8,603268,49.0
2026-01-07,2026-01-06,9,301273,48.0
2026-01-07,2026-01-06,10,688258,48.0
2026-01-07,2026-01-06,11,000408,47.0
2026-01-07,2026-01-06,12,002379,47.0
2026-01-07,2026-01-06,13,300045,47.0
2026-01-07,2026-01-06,14,300762,47.0
2026-01-07,2026-01-06,15,600259,47.0
2026-01-07,2026-01-06,16,688125,47.0
2026-01-07,2026-01-06,17,002305,46.0
2026-01-07,2026-01-06,18,300455,46.0
2026-01-07,2026-01-06,19,300909,46.0
2026-01-07,2026-01-06,20,301070,46.0
2026-01-07,2026-01-06,21,601168,46.0
2026-01-07,2026-01-06,22,603979,46.0
2026-01-07,2026-01-06,23,688367,46.0
2026-01-07,2026-01-06,24,688372,46.0
2026-01-07,2026-01-06,25,688678,46.0
2026-01-07,2026-01-06,26,000901,45.0
2026-01-07,2026-01-06,27,002842,45.0
2026-01-07,2026-01-06,28,300053,45.0
2026-01-07,2026-01-06,29,300137,45.0
2026-01-07,2026-01-06,30,300467,45.0
2026-01-07,2026-01-06,31,300499,45.0
2026-01-07,2026-01-06,32,301003,45.0
2026-01-07,2026-01-06,33,301369,45.0
2026-01-07,2026-01-06,34,600228,45.0
2026-01-07,2026-01-06,35,600577,45.0
2026-01-07,2026-01-06,36,601689,45.0
2026-01-07,2026-01-06,37,605365,45.0
2026-01-07,2026-01-06,38,688017,45.0
2026-01-07,2026-01-06,39,688322,45.0
2026-01-07,2026-01-06,40,688328,45.0
2026-01-07,2026-01-06,41,688699,45.0
2026-01-07,2026-01-06,42,000960,44.0
2026-01-07,2026-01-06,43,002171,44.0
2026-01-07,2026-01-06,44,002342,44.0
2026-01-07,2026-01-06,45,002436,44.0
2026-01-07,2026-01-06,46,002517,44.0
2026-01-07,2026-01-06,47,002738,44.0
2026-01-07,2026-01-06,48,300093,44.0
2026-01-07,2026-01-06,49,300229,44.0
2026-01-07,2026-01-06,50,300398,44.0
2026-01-08,2026-01-07,1,688708,51.0
2026-01-08,2026-01-07,2,002378,50.0
2026-01-08,2026-01-07,3,002446,50.0
2026-01-08,2026-01-07,4,603040,50.0
2026-01-08,2026-01-07,5,002602,49.0
2026-01-08,2026-01-07,6,603268,49.0
2026-01-08,2026-01-07,7,000657,48.0
2026-01-08,2026-01-07,8,002379,48.0
2026-01-08,2026-01-07,9,300005,48.0
2026-01-08,2026-01-07,10,000408,47.0
2026-01-08,2026-01-07,11,300045,47.0
2026-01-08,2026-01-07,12,688125,47.0
2026-01-08,2026-01-07,13,688258,47.0
2026-01-08,2026-01-07,14,688367,47.0
2026-01-08,2026-01-07,15,002305,46.0
2026-01-08,2026-01-07,16,300137,46.0
2026-01-08,2026-01-07,17,300499,46.0
2026-01-08,2026-01-07,18,300762,46.0
2026-01-08,2026-01-07,19,300909,46.0
2026-01-08,2026-01-07,20,301070,46.0
2026-01-08,2026-01-07,21,301369,46.0
2026-01-08,2026-01-07,22,600259,46.0
2026-01-08,2026-01-07,23,601168,46.0
2026-01-08,2026-01-07,24,603979,46.0
2026-01-08,2026-01-07,25,605365,46.0
2026-01-08,2026-01-07,26,688372,46.0
2026-01-08,2026-01-07,27,688678,46.0
2026-01-08,2026-01-07,28,000960,45.0
2026-01-08,2026-01-07,29,002171,45.0
2026-01-08,2026-01-07,30,300398,45.0
2026-01-08,2026-01-07,31,300455,45.0
2026-01-08,2026-01-07,32,300467,45.0
2026-01-08,2026-01-07,33,301003,45.0
2026-01-08,2026-01-07,34,301138,45.0
2026-01-08,2026-01-07,35,600228,45.0
2026-01-08,2026-01-07,36,600577,45.0
2026-01-08,2026-01-07,37,603869,45.0
2026-01-08,2026-01-07,38,603993,45.0
2026-01-08,2026-01-07,39,688226,45.0
2026-01-08,2026-01-07,40,688322,45.0
2026-01-08,2026-01-07,41,688328,45.0
2026-01-08,2026-01-07,42,688331,45.0
2026-01-08,2026-01-07,43,688386,45.0
2026-01-08,2026-01-07,44,688627,45.0
2026-01-08,2026-01-07,45,000901,44.0
2026-01-08,2026-01-07,46,002028,44.0
2026-01-08,2026-01-07,47,002289,44.0
2026-01-08,2026-01-07,48,002342,44.0
2026-01-08,2026-01-07,49,002436,44.0
2026-01-08,2026-01-07,50,002484,44.0
2026-01-09,2026-01-08,1,002446,51.0
2026-01-09,2026-01-08,2,688708,51.0
2026-01-09,2026-01-08,3,002378,50.0
2026-01-09,2026-01-08,4,603040,50.0
2026-01-09,2026-01-08,5,002602,49.0
2026-01-09,2026-01-08,6,300005,48.0
2026-01-09,2026-01-08,7,300045,48.0
2026-01-09,2026-01-08,8,603268,48.0
2026-01-09,2026-01-08,9,000657,47.0
2026-01-09,2026-01-08,10,002379,47.0
2026-01-09,2026-01-08,11,300762,47.0
2026-01-09,2026-01-08,12,300909,47.0
2026-01-09,2026-01-08,13,301273,47.0
2026-01-09,2026-01-08,14,301369,47.0
2026-01-09,2026-01-08,15,688125,47.0
2026-01-09,2026-01-08,16,688367,47.0
2026-01-09,2026-01-08,17,000408,46.0
2026-01-09,2026-01-08,18,002171,46.0
2026-01-09,2026-01-08,19,300137,46.0
2026-01-09,2026-01-08,20,300455,46.0
2026-01-09,2026-01-08,21,301070,46.0
2026-01-09,2026-01-08,22,600259,46.0
2026-01-09,2026-01-08,23,601168,46.0
2026-01-09,2026-01-08,24,603979,46.0
2026-01-09,2026-01-08,25,688258,46.0
2026-01-09,2026-01-08,26,688372,46.0
2026-01-09,2026-01-08,27,688678,46.0
2026-01-09,2026-01-08,28,002305,45.0
2026-01-09,2026-01-08,29,300398,45.0
2026-01-09,2026-01-08,30,300467,45.0
2026-01-09,2026-01-08,31,300499,45.0
2026-01-09,2026-01-08,32,300638,45.0
2026-01-09,2026-01-08,33,300736,45.0
2026-01-09,2026-01-08,34,301003,45.0
2026-01-09,2026-01-08,35,301138,45.0
2026-01-09,2026-01-08,36,600228,45.0
2026-01-09,2026-01-08,37,600577,45.0
2026-01-09,2026-01-08,38,601777,45.0
2026-01-09,2026-01-08,39,603993,45.0
2026-01-09,2026-01-08,40,605365,45.0
2026-01-09,2026-01-08,41,688122,45.0
2026-01-09,2026-01-08,42,688331,45.0
2026-01-09,2026-01-08,43,688386,45.0
2026-01-09,2026-01-08,44,688456,45.0
2026-01-09,2026-01-08,45,000901,44.0
2026-01-09,2026-01-08,46,000960,44.0
2026-01-09,2026-01-08,47,002028,44.0
2026-01-09,2026-01-08,48,002342,44.0
2026-01-09,2026-01-08,49,002428,44.0
2026-01-09,2026-01-08,50,002517,44.0
2026-01-12,2026-01-09,1,002446,52.0
2026-01-12,2026-01-09,2,688708,52.0
2026-01-12,2026-01-09,3,002378,50.0
2026-01-12,2026-01-09,4,603040,50.0
2026-01-12,2026-01-09,5,002602,49.0
2026-01-12,2026-01-09,6,300005,49.0
2026-01-12,2026-01-09,7,300045,49.0
2026-01-12,2026-01-09,8,000657,48.0
2026-01-12,2026-01-09,9,002379,48.0
2026-01-12,2026-01-09,10,002171,47.0
2026-01-12,2026-01-09,11,300762,47.0
2026-01-12,2026-01-09,12,300909,47.0
2026-01-12,2026-01-09,13,301070,47.0
2026-01-12,2026-01-09,14,301273,47.0
2026-01-12,2026-01-09,15,301369,47.0
2026-01-12,2026-01-09,16,600259,47.0
2026-01-12,2026-01-09,17,601168,47.0
2026-01-12,2026-01-09,18,603268,47.0
2026-01-12,2026-01-09,19,688125,47.0
2026-01-12,2026-01-09,20,688367,47.0
2026-01-12,2026-01-09,21,688372,47.0
2026-01-12,2026-01-09,22,000408,46.0
2026-01-12,2026-01-09,23,300137,46.0
2026-01-12,2026-01-09,24,300455,46.0
2026-01-12,2026-01-09,25,300467,46.0
2026-01-12,2026-01-09,26,301003,46.0
2026-01-12,2026-01-09,27,600577,46.0
2026-01-12,2026-01-09,28,601777,46.0
2026-01-12,2026-01-09,29,603979,46.0
2026-01-12,2026-01-09,30,603993,46.0
2026-01-12,2026-01-09,31,002028,45.0
2026-01-12,2026-01-09,32,002289,45.0
2026-01-12,2026-01-09,33,002305,45.0
2026-01-12,2026-01-09,34,002517,45.0
2026-01-12,2026-01-09,35,300398,45.0
2026-01-12,2026-01-09,36,300499,45.0
2026-01-12,2026-01-09,37,300638,45.0
2026-01-12,2026-01-09,38,300720,45.0
2026-01-12,2026-01-09,39,301138,45.0
2026-01-12,2026-01-09,40,600228,45.0
2026-01-12,2026-01-09,41,600331,45.0
2026-01-12,2026-01-09,42,603813,45.0
2026-01-12,2026-01-09,43,603869,45.0
2026-01-12,2026-01-09,44,605365,45.0
2026-01-12,2026-01-09,45,688122,45.0
2026-01-12,2026-01-09,46,688257,45.0
2026-01-12,2026-01-09,47,688258,45.0
2026-01-12,2026-01-09,48,688331,45.0
2026-01-12,2026-01-09,49,688386,45.0
2026-01-12,2026-01-09,50,688401,45.0
2026-01-13,2026-01-12,1,002446,52.0
2026-01-13,2026-01-12,2,688708,52.0
2026-01-13,2026-01-12,3,603040,50.0
2026-01-13,2026-01-12,4,002378,49.0
2026-01-13,2026-01-12,5,002602,49.0
2026-01-13,2026-01-12,6,300005,49.0
2026-01-13,2026-01-12,7,300045,49.0
2026-01-13,2026-01-12,8,002379,48.0
2026-01-13,2026-01-12,9,300909,48.0
2026-01-13,2026-01-12,10,301273,48.0
2026-01-13,2026-01-12,11,688372,48.0
2026-01-13,2026-01-12,12,000657,47.0
2026-01-13,2026-01-12,13,002171,47.0
2026-01-13,2026-01-12,14,300467,47.0
2026-01-13,2026-01-12,15,300762,47.0
2026-01-13,2026-01-12,16,301003,47.0
2026-01-13,2026-01-12,17,301070,47.0
2026-01-13,2026-01-12,18,301369,47.0
2026-01-13,2026-01-12,19,600259,47.0
2026-01-13,2026-01-12,20,601168,47.0
2026-01-13,2026-01-12,21,603268,47.0
2026-01-13,2026-01-12,22,688125,47.0
2026-01-13,2026-01-12,23,688367,47.0
2026-01-13,2026-01-12,24,000408,46.0
2026-01-13,2026-01-12,25,300137,46.0
2026-01-13,2026-01-12,26,300350,46.0
2026-01-13,2026-01-12,27,300398,46.0
2026-01-13,2026-01-12,28,300455,46.0
2026-01-13,2026-01-12,29,600577,46.0
2026-01-13,2026-01-12,30,601777,46.0
2026-01-13,2026-01-12,31,603979,46.0
2026-01-13,2026-01-12,32,603993,46.0
2026-01-13,2026-01-12,33,688386,46.0
2026-01-13,2026-01-12,34,000960,45.0
2026-01-13,2026-01-12,35,002028,45.0
2026-01-13,2026-01-12,36,002305,45.0
2026-01-13,2026-01-12,37,002428,45.0
2026-01-13,2026-01-12,38,002517,45.0
2026-01-13,2026-01-12,39,002738,45.0
2026-01-13,2026-01-12,40,300098,45.0
2026-01-13,2026-01-12,41,300235,45.0
2026-01-13,2026-01-12,42,300499,45.0
2026-01-13,2026-01-12,43,300638,45.0
2026-01-13,2026-01-12,44,300720,45.0
2026-01-13,2026-01-12,45,301138,45.0
2026-01-13,2026-01-12,46,600228,45.0
2026-01-13,2026-01-12,47,600331,45.0
2026-01-13,2026-01-12,48,603236,45.0
2026-01-13,2026-01-12,49,603813,45.0
2026-01-13,2026-01-12,50,688122,45.0
2026-01-14,2026-01-13,1,002446,51.0
2026-01-14,2026-01-13,2,688708,51.0
2026-01-14,2026-01-13,3,002602,50.0
2026-01-14,2026-01-13,4,002378,49.0
2026-01-14,2026-01-13,5,300005,49.0
2026-01-14,2026-01-13,6,603040,49.0
2026-01-14,2026-01-13,7,300045,48.0
2026-01-14,2026-01-13,8,301273,48.0
2026-01-14,2026-01-13,9,601168,48.0
2026-01-14,2026-01-13,10,603268,48.0
2026-01-14,2026-01-13,11,688372,48.0
2026-01-14,2026-01-13,12,000657,47.0
2026-01-14,2026-01-13,13,002379,47.0
2026-01-14,2026-01-13,14,300909,47.0
2026-01-14,2026-01-13,15,301369,47.0
2026-01-14,2026-01-13,16,688125,47.0
2026-01-14,2026-01-13,17,000408,46.0
2026-01-14,2026-01-13,18,000960,46.0
2026-01-14,2026-01-13,19,002028,46.0
2026-01-14,2026-01-13,20,002171,46.0
2026-01-14,2026-01-13,21,300137,46.0
2026-01-14,2026-01-13,22,300350,46.0
2026-01-14,2026-01-13,23,300455,46.0
2026-01-14,2026-01-13,24,300467,46.0
2026-01-14,2026-01-13,25,300762,46.0
2026-01-14,2026-01-13,26,301003,46.0
2026-01-14,2026-01-13,27,301070,46.0
2026-01-14,2026-01-13,28,600259,46.0
2026-01-14,2026-01-13,29,600577,46.0
2026-01-14,2026-01-13,30,603979,46.0
2026-01-14,2026-01-13,31,603993,46.0
2026-01-14,2026-01-13,32,688367,46.0
2026-01-14,2026-01-13,33,000426,45.0
2026-01-14,2026-01-13,34,002428,45.0
2026-01-14,2026-01-13,35,002517,45.0
2026-01-14,2026-01-13,36,002532,45.0
2026-01-14,2026-01-13,37,002738,45.0
2026-01-14,2026-01-13,38,300398,45.0
2026-01-14,2026-01-13,39,300499,45.0
2026-01-14,2026-01-13,40,301138,45.0
2026-01-14,2026-01-13,41,600228,45.0
2026-01-14,2026-01-13,42,600301,45.0
2026-01-14,2026-01-13,43,601777,45.0
2026-01-14,2026-01-13,44,603132,45.0
2026-01-14,2026-01-13,45,688226,45.0
2026-01-14,2026-01-13,46,688386,45.0
2026-01-14,2026-01-13,47,688678,45.0
2026-01-14,2026-01-13,48,688778,45.0
2026-01-14,2026-01-13,49,002363,44.0
2026-01-14,2026-01-13,50,300098,44.0
2026-01-15,2026-01-14,1,002446,51.0
2026-01-15,2026-01-14,2,002602,50.0
2026-01-15,2026-01-14,3,688708,50.0
2026-01-15,2026-01-14,4,002378,49.0
2026-01-15,2026-01-14,5,300005,49.0
2026-01-15,2026-01-14,6,603040,49.0
2026-01-15,2026-01-14,7,688372,49.0
2026-01-15,2026-01-14,8,300045,48.0
2026-01-15,2026-01-14,9,301369,48.0
2026-01-15,2026-01-14,10,601168,48.0
2026-01-15,2026-01-14,11,603268,48.0
2026-01-15,2026-01-14,12,000657,47.0
2026-01-15,2026-01-14,13,002379,47.0
2026-01-15,2026-01-14,14,300350,47.0
2026-01-15,2026-01-14,15,300762,47.0
2026-01-15,2026-01-14,16,300909,47.0
2026-01-15,2026-01-14,17,301070,47.0
2026-01-15,2026-01-14,18,301273,47.0
2026-01-15,2026-01-14,19,688125,47.0
2026-01-15,2026-01-14,20,002028,46.0
2026-01-15,2026-01-14,21,002171,46.0
2026-01-15,2026-01-14,22,300137,46.0
2026-01-15,2026-01-14,23,300467,46.0
2026-01-15,2026-01-14,24,301003,46.0
2026-01-15,2026-01-14,25,600577,46.0
2026-01-15,2026-01-14,26,603993,46.0
2026-01-15,2026-01-14,27,688226,46.0
2026-01-15,2026-01-14,28,000408,45.0
2026-01-15,2026-01-14,29,000960,45.0
2026-01-15,2026-01-14,30,002517,45.0
2026-01-15,2026-01-14,31,002532,45.0
2026-01-15,2026-01-14,32,300398,45.0
2026-01-15,2026-01-14,33,300455,45.0
2026-01-15,2026-01-14,34,300483,45.0
2026-01-15,2026-01-14,35,300499,45.0
2026-01-15,2026-01-14,36,300638,45.0
2026-01-15,2026-01-14,37,301138,45.0
2026-01-15,2026-01-14,38,600228,45.0
2026-01-15,2026-01-14,39,600259,45.0
2026-01-15,2026-01-14,40,600301,45.0
2026-01-15,2026-01-14,41,600331,45.0
2026-01-15,2026-01-14,42,603979,45.0
2026-01-15,2026-01-14,43,688367,45.0
2026-01-15,2026-01-14,44,688386,45.0
2026-01-15,2026-01-14,45,688401,45.0
2026-01-15,2026-01-14,46,688531,45.0
2026-01-15,2026-01-14,47,688678,45.0
2026-01-15,2026-01-14,48,688778,45.0
2026-01-15,2026-01-14,49,000426,44.0
2026-01-15,2026-01-14,50,000893,44.0
2026-01-16,2026-01-15,1,002446,51.0
2026-01-16,2026-01-15,2,002378,50.0
2026-01-16,2026-01-15,3,002602,50.0
2026-01-16,2026-01-15,4,688372,50.0
2026-01-16,2026-01-15,5,300005,49.0
2026-01-16,2026-01-15,6,688708,49.0
2026-01-16,2026-01-15,7,002379,48.0
2026-01-16,2026-01-15,8,300045,48.0
2026-01-16,2026-01-15,9,301070,48.0
2026-01-16,2026-01-15,10,301273,48.0
2026-01-16,2026-01-15,11,301369,48.0
2026-01-16,2026-01-15,12,601168,48.0
2026-01-16,2026-01-15,13,603268,48.0
2026-01-16,2026-01-15,14,688125,48.0
2026-01-16,2026-01-15,15,000657,47.0
2026-01-16,2026-01-15,16,300350,47.0
2026-01-16,2026-01-15,17,300762,47.0
2026-01-16,2026-01-15,18,605580,47.0
2026-01-16,2026-01-15,19,002028,46.0
2026-01-16,2026-01-15,20,002171,46.0
2026-01-16,2026-01-15,21,002532,46.0
2026-01-16,2026-01-15,22,300137,46.0
2026-01-16,2026-01-15,23,300398,46.0
2026-01-16,2026-01-15,24,300467,46.0
2026-01-16,2026-01-15,25,300909,46.0
2026-01-16,2026-01-15,26,301003,46.0
2026-01-16,2026-01-15,27,600577,46.0
2026-01-16,2026-01-15,28,603993,46.0
2026-01-16,2026-01-15,29,688531,46.0
2026-01-16,2026-01-15,30,688778,46.0
2026-01-16,2026-01-15,31,000893,45.0
2026-01-16,2026-01-15,32,002517,45.0
2026-01-16,2026-01-15,33,300455,45.0
2026-01-16,2026-01-15,34,300483,45.0
2026-01-16,2026-01-15,35,300499,45.0
2026-01-16,2026-01-15,36,300736,45.0
2026-01-16,2026-01-15,37,301138,45.0
2026-01-16,2026-01-15,38,600259,45.0
2026-01-16,2026-01-15,39,600331,45.0
2026-01-16,2026-01-15,40,603308,45.0
2026-01-16,2026-01-15,41,688103,45.0
2026-01-16,2026-01-15,42,688200,45.0
2026-01-16,2026-01-15,43,688226,45.0
2026-01-16,2026-01-15,44,688367,45.0
2026-01-16,2026-01-15,45,688401,45.0
2026-01-16,2026-01-15,46,000408,44.0
2026-01-16,2026-01-15,47,000426,44.0
2026-01-16,2026-01-15,48,000960,44.0
2026-01-16,2026-01-15,49,002363,44.0
2026-01-16,2026-01-15,50,002425,44.0
2026-01-19,2026-01-16,1,002446,51.0
2026-01-19,2026-01-16,2,300005,50.0
2026-01-19,2026-01-16,3,688372,50.0
2026-01-19,2026-01-16,4,002378,49.0
2026-01-19,2026-01-16,5,002379,49.0
2026-01-19,2026-01-16,6,002602,49.0
2026-01-19,2026-01-16,7,603040,49.0
2026-01-19,2026-01-16,8,688708,49.0
2026-01-19,2026-01-16,9,000657,48.0
2026-01-19,2026-01-16,10,300045,48.0
2026-01-19,2026-01-16,11,301273,48.0
2026-01-19,2026-01-16,12,301369,48.0
2026-01-19,2026-01-16,13,688125,48.0
2026-01-19,2026-01-16,14,002171,47.0
2026-01-19,2026-01-16,15,300467,47.0
2026-01-19,2026-01-16,16,300762,47.0
2026-01-19,2026-01-16,17,301070,47.0
2026-01-19,2026-01-16,18,601168,47.0
2026-01-19,2026-01-16,19,605580,47.0
2026-01-19,2026-01-16,20,688531,47.0
2026-01-19,2026-01-16,21,300137,46.0
2026-01-19,2026-01-16,22,300398,46.0
2026-01-19,2026-01-16,23,300483,46.0
2026-01-19,2026-01-16,24,300909,46.0
2026-01-19,2026-01-16,25,301003,46.0
2026-01-19,2026-01-16,26,600577,46.0
2026-01-19,2026-01-16,27,688226,46.0
2026-01-19,2026-01-16,28,688367,46.0
2026-01-19,2026-01-16,29,688778,46.0
2026-01-19,2026-01-16,30,002028,45.0
2026-01-19,2026-01-16,31,002436,45.0
2026-01-19,2026-01-16,32,002517,45.0
2026-01-19,2026-01-16,33,002532,45.0
2026-01-19,2026-01-16,34,300052,45.0
2026-01-19,2026-01-16,35,300455,45.0
2026-01-19,2026-01-16,36,300499,45.0
2026-01-19,2026-01-16,37,300736,45.0
2026-01-19,2026-01-16,38,600259,45.0
2026-01-19,2026-01-16,39,600331,45.0
2026-01-19,2026-01-16,40,600884,45.0
2026-01-19,2026-01-16,41,601777,45.0
2026-01-19,2026-01-16,42,603308,45.0
2026-01-19,2026-01-16,43,603993,45.0
2026-01-19,2026-01-16,44,688103,45.0
2026-01-19,2026-01-16,45,688200,45.0
2026-01-19,2026-01-16,46,688331,45.0
2026-01-19,2026-01-16,47,688386,45.0
2026-01-19,2026-01-16,48,688678,45.0
2026-01-19,2026-01-16,49,688699,45.0
2026-01-19,2026-01-16,50,000426,44.0
2026-01-20,2026-01-19,1,002446,51.0
2026-01-20,2026-01-19,2,300005,51.0
2026-01-20,2026-01-19,3,688708,50.0
2026-01-20,2026-01-19,4,002378,49.0
2026-01-20,2026-01-19,5,002602,49.0
2026-01-20,2026-01-19,6,301273,49.0
2026-01-20,2026-01-19,7,603040,49.0
2026-01-20,2026-01-19,8,688372,49.0
2026-01-20,2026-01-19,9,002171,48.0
2026-01-20,2026-01-19,10,002379,48.0
2026-01-20,2026-01-19,11,300045,48.0
2026-01-20,2026-01-19,12,300350,48.0
2026-01-20,2026-01-19,13,688125,48.0
2026-01-20,2026-01-19,14,000657,47.0
2026-01-20,2026-01-19,15,300467,47.0
2026-01-20,2026-01-19,16,300483,47.0
2026-01-20,2026-01-19,17,301369,47.0
2026-01-20,2026-01-19,18,600577,47.0
2026-01-20,2026-01-19,19,601168,47.0
2026-01-20,2026-01-19,20,688531,47.0
2026-01-20,2026-01-19,21,002436,46.0
2026-01-20,2026-01-19,22,002532,46.0
2026-01-20,2026-01-19,23,300137,46.0
2026-01-20,2026-01-19,24,300398,46.0
2026-01-20,2026-01-19,25,300731,46.0
2026-01-20,2026-01-19,26,300736,46.0
2026-01-20,2026-01-19,27,300762,46.0
2026-01-20,2026-01-19,28,300909,46.0
2026-01-20,2026-01-19,29,301003,46.0
2026-01-20,2026-01-19,30,601777,46.0
2026-01-20,2026-01-19,31,688103,46.0
2026-01-20,2026-01-19,32,688367,46.0
2026-01-20,2026-01-19,33,688386,46.0
2026-01-20,2026-01-19,34,688778,46.0
2026-01-20,2026-01-19,35,000893,45.0
2026-01-20,2026-01-19,36,002028,45.0
2026-01-20,2026-01-19,37,002363,45.0
2026-01-20,2026-01-19,38,002517,45.0
2026-01-20,2026-01-19,39,300052,45.0
2026-01-20,2026-01-19,40,300053,45.0
2026-01-20,2026-01-19,41,300243,45.0
2026-01-20,2026-01-19,42,300342,45.0
2026-01-20,2026-01-19,43,300428,45.0
2026-01-20,2026-01-19,44,300455,45.0
2026-01-20,2026-01-19,45,300499,45.0
2026-01-20,2026-01-19,46,600259,45.0
2026-01-20,2026-01-19,47,600549,45.0
2026-01-20,2026-01-19,48,600884,45.0
2026-01-20,2026-01-19,49,603308,45.0
2026-01-20,2026-01-19,50,603398,45.0
2026-01-21,2026-01-20,1,300005,51.0
2026-01-21,2026-01-20,2,002602,50.0
2026-01-21,2026-01-20,3,603040,50.0
2026-01-21,2026-01-20,4,688372,50.0
2026-01-21,2026-01-20,5,688708,50.0
2026-01-21,2026-01-20,6,603268,49.0
2026-01-21,2026-01-20,7,002378,48.0
2026-01-21,2026-01-20,8,301273,48.0
2026-01-21,2026-01-20,9,301369,48.0
2026-01-21,2026-01-20,10,000657,47.0
2026-01-21,2026-01-20,11,002171,47.0
2026-01-21,2026-01-20,12,002379,47.0
2026-01-21,2026-01-20,13,300045,47.0
2026-01-21,2026-01-20,14,300350,47.0
2026-01-21,2026-01-20,15,688125,47.0
2026-01-21,2026-01-20,16,688367,47.0
2026-01-21,2026-01-20,17,688531,47.0
2026-01-21,2026-01-20,18,002436,46.0
2026-01-21,2026-01-20,19,300398,46.0
2026-01-21,2026-01-20,20,300467,46.0
2026-01-21,2026-01-20,21,300483,46.0
2026-01-21,2026-01-20,22,301003,46.0
2026-01-21,2026-01-20,23,600577,46.0
2026-01-21,2026-01-20,24,601168,46.0
2026-01-21,2026-01-20,25,601777,46.0
2026-01-21,2026-01-20,26,688103,46.0
2026-01-21,2026-01-20,27,688226,46.0
2026-01-21,2026-01-20,28,688386,46.0
2026-01-21,2026-01-20,29,000893,45.0
2026-01-21,2026-01-20,30,002028,45.0
2026-01-21,2026-01-20,31,002517,45.0
2026-01-21,2026-01-20,32,002532,45.0
2026-01-21,2026-01-20,33,300243,45.0
2026-01-21,2026-01-20,34,300736,45.0
2026-01-21,2026-01-20,35,300762,45.0
2026-01-21,2026-01-20,36,300780,45.0
2026-01-21,2026-01-20,37,600226,45.0
2026-01-21,2026-01-20,38,600259,45.0
2026-01-21,2026-01-20,39,603308,45.0
2026-01-21,2026-01-20,40,603730,45.0
2026-01-21,2026-01-20,41,605580,45.0
2026-01-21,2026-01-20,42,688084,45.0
2026-01-21,2026-01-20,43,688200,45.0
2026-01-21,2026-01-20,44,688257,45.0
2026-01-21,2026-01-20,45,688331,45.0
2026-01-21,2026-01-20,46,688689,45.0
2026-01-21,2026-01-20,47,688699,45.0
2026-01-21,2026-01-20,48,688778,45.0
2026-01-21,2026-01-20,49,000426,44.0
2026-01-21,2026-01-20,50,002289,44.0
2026-01-22,2026-01-21,1,300005,52.0
2026-01-22,2026-01-21,2,688708,51.0
2026-01-22,2026-01-21,3,002602,50.0
2026-01-22,2026-01-21,4,301273,49.0
2026-01-22,2026-01-21,5,603040,49.0
2026-01-22,2026-01-21,6,603268,49.0
2026-01-22,2026-01-21,7,688372,49.0
2026-01-22,2026-01-21,8,002378,48.0
2026-01-22,2026-01-21,9,301369,48.0
2026-01-22,2026-01-21,10,000657,47.0
2026-01-22,2026-01-21,11,300350,47.0
2026-01-22,2026-01-21,12,601168,47.0
2026-01-22,2026-01-21,13,688125,47.0
2026-01-22,2026-01-21,14,688226,47.0
2026-01-22,2026-01-21,15,688367,47.0
2026-01-22,2026-01-21,16,688531,47.0
2026-01-22,2026-01-21,17,000893,46.0
2026-01-22,2026-01-21,18,002171,46.0
2026-01-22,2026-01-21,19,002379,46.0
2026-01-22,2026-01-21,20,300398,46.0
2026-01-22,2026-01-21,21,300483,46.0
2026-01-22,2026-01-21,22,300909,46.0
2026-01-22,2026-01-21,23,600577,46.0
2026-01-22,2026-01-21,24,603730,46.0
2026-01-22,2026-01-21,25,688386,46.0
2026-01-22,2026-01-21,26,688778,46.0
2026-01-22,2026-01-21,27,000426,45.0
2026-01-22,2026-01-21,28,002436,45.0
2026-01-22,2026-01-21,29,002484,45.0
2026-01-22,2026-01-21,30,002517,45.0
2026-01-22,2026-01-21,31,002532,45.0
2026-01-22,2026-01-21,32,300052,45.0
2026-01-22,2026-01-21,33,300243,45.0
2026-01-22,2026-01-21,34,300467,45.0
2026-01-22,2026-01-21,35,300731,45.0
2026-01-22,2026-01-21,36,300736,45.0
2026-01-22,2026-01-21,37,300762,45.0
2026-01-22,2026-01-21,38,300780,45.0
2026-01-22,2026-01-21,39,301003,45.0
2026-01-22,2026-01-21,40,600226,45.0
2026-01-22,2026-01-21,41,600259,45.0
2026-01-22,2026-01-21,42,600884,45.0
2026-01-22,2026-01-21,43,601100,45.0
2026-01-22,2026-01-21,44,601777,45.0
2026-01-22,2026-01-21,45,603308,45.0
2026-01-22,2026-01-21,46,603398,45.0
2026-01-22,2026-01-21,47,605580,45.0
2026-01-22,2026-01-21,48,688084,45.0
2026-01-22,2026-01-21,49,688103,45.0
2026-01-22,2026-01-21,50,688200,45.0
2026-01-23,2026-01-22,1,300005,53.0
2026-01-23,2026-01-22,2,688708,52.0
2026-01-23,2026-01-22,3,002602,50.0
2026-01-23,2026-01-22,4,301273,49.0
2026-01-23,2026-01-22,5,688372,49.0
2026-01-23,2026-01-22,6,002378,48.0
2026-01-23,2026-01-22,7,300350,48.0
2026-01-23,2026-01-22,8,603040,48.0
2026-01-23,2026-01-22,9,000657,47.0
2026-01-23,2026-01-22,10,300483,47.0
2026-01-23,2026-01-22,11,601168,47.0
2026-01-23,2026-01-22,12,000893,46.0
2026-01-23,2026-01-22,13,002171,46.0
2026-01-23,2026-01-22,14,002379,46.0
2026-01-23,2026-01-22,15,300052,46.0
2026-01-23,2026-01-22,16,300467,46.0
2026-01-23,2026-01-22,17,600226,46.0
2026-01-23,2026-01-22,18,600577,46.0
2026-01-23,2026-01-22,19,603730,46.0
2026-01-23,2026-01-22,20,688125,46.0
2026-01-23,2026-01-22,21,688226,46.0
2026-01-23,2026-01-22,22,688367,46.0
2026-01-23,2026-01-22,23,688531,46.0
2026-01-23,2026-01-22,24,000426,45.0
2026-01-23,2026-01-22,25,002363,45.0
2026-01-23,2026-01-22,26,002436,45.0
2026-01-23,2026-01-22,27,002517,45.0
2026-01-23,2026-01-22,28,002532,45.0
2026-01-23,2026-01-22,29,300053,45.0
2026-01-23,2026-01-22,30,300243,45.0
2026-01-23,2026-01-22,31,300398,45.0
2026-01-23,2026-01-22,32,300680,45.0
2026-01-23,2026-01-22,33,300731,45.0
2026-01-23,2026-01-22,34,300736,45.0
2026-01-23,2026-01-22,35,300762,45.0
2026-01-23,2026-01-22,36,300780,45.0
2026-01-23,2026-01-22,37,600063,45.0
2026-01-23,2026-01-22,38,600259,45.0
2026-01-23,2026-01-22,39,600331,45.0
2026-01-23,2026-01-22,40,601100,45.0
2026-01-23,2026-01-22,41,603308,45.0
2026-01-23,2026-01-22,42,603398,45.0
2026-01-23,2026-01-22,43,605580,45.0
2026-01-23,2026-01-22,44,688084,45.0
2026-01-23,2026-01-22,45,688200,45.0
2026-01-23,2026-01-22,46,688257,45.0
2026-01-23,2026-01-22,47,688386,45.0
2026-01-23,2026-01-22,48,688778,45.0
2026-01-23,2026-01-22,49,002289,44.0
2026-01-23,2026-01-22,50,002484,44.0
2026-01-26,2026-01-23,1,002446,53.0
2026-01-26,2026-01-23,2,300005,53.0
2026-01-26,2026-01-23,3,688708,53.0
2026-01-26,2026-01-23,4,688372,50.0
2026-01-26,2026-01-23,5,002378,49.0
2026-01-26,2026-01-23,6,002602,49.0
2026-01-26,2026-01-23,7,301273,49.0
2026-01-26,2026-01-23,8,300350,48.0
2026-01-26,2026-01-23,9,603040,48.0
2026-01-26,2026-01-23,10,000657,47.0
2026-01-26,2026-01-23,11,002171,47.0
2026-01-26,2026-01-23,12,002379,47.0
2026-01-26,2026-01-23,13,300045,47.0
2026-01-26,2026-01-23,14,300483,47.0
2026-01-26,2026-01-23,15,300909,47.0
2026-01-26,2026-01-23,16,600228,47.0
2026-01-26,2026-01-23,17,601168,47.0
2026-01-26,2026-01-23,18,688125,47.0
2026-01-26,2026-01-23,19,688531,47.0
2026-01-26,2026-01-23,20,000893,46.0
2026-01-26,2026-01-23,21,002517,46.0
2026-01-26,2026-01-23,22,002532,46.0
2026-01-26,2026-01-23,23,300052,46.0
2026-01-26,2026-01-23,24,300243,46.0
2026-01-26,2026-01-23,25,300398,46.0
2026-01-26,2026-01-23,26,300467,46.0
2026-01-26,2026-01-23,27,300680,46.0
2026-01-26,2026-01-23,28,600063,46.0
2026-01-26,2026-01-23,29,600226,46.0
2026-01-26,2026-01-23,30,600331,46.0
2026-01-26,2026-01-23,31,600577,46.0
2026-01-26,2026-01-23,32,600884,46.0
2026-01-26,2026-01-23,33,601777,46.0
2026-01-26,2026-01-23,34,603730,46.0
2026-01-26,2026-01-23,35,688367,46.0
2026-01-26,2026-01-23,36,688386,46.0
2026-01-26,2026-01-23,37,000426,45.0
2026-01-26,2026-01-23,38,002289,45.0
2026-01-26,2026-01-23,39,002363,45.0
2026-01-26,2026-01-23,40,002436,45.0
2026-01-26,2026-01-23,41,002897,45.0
2026-01-26,2026-01-23,42,002921,45.0
2026-01-26,2026-01-23,43,300137,45.0
2026-01-26,2026-01-23,44,300428,45.0
2026-01-26,2026-01-23,45,300736,45.0
2026-01-26,2026-01-23,46,300762,45.0
2026-01-26,2026-01-23,47,300780,45.0
2026-01-26,2026-01-23,48,300945,45.0
2026-01-26,2026-01-23,49,301028,45.0
2026-01-26,2026-01-23,50,600259,45.0
2026-01-27,2026-01-26,1,300005,52.0
2026-01-27,2026-01-26,2,688708,52.0
2026-01-27,2026-01-26,3,688372,50.0
2026-01-27,2026-01-26,4,002378,49.0
2026-01-27,2026-01-26,5,301273,49.0
2026-01-27,2026-01-26,6,002379,48.0
2026-01-27,2026-01-26,7,002602,48.0
2026-01-27,2026-01-26,8,603040,48.0
2026-01-27,2026-01-26,9,000657,47.0
2026-01-27,2026-01-26,10,002171,47.0
2026-01-27,2026-01-26,11,300350,47.0
2026-01-27,2026-01-26,12,300909,47.0
2026-01-27,2026-01-26,13,600228,47.0
2026-01-27,2026-01-26,14,600331,47.0
2026-01-27,2026-01-26,15,601168,47.0
2026-01-27,2026-01-26,16,601777,47.0
2026-01-27,2026-01-26,17,688125,47.0
2026-01-27,2026-01-26,18,688531,47.0
2026-01-27,2026-01-26,19,000893,46.0
2026-01-27,2026-01-26,20,002532,46.0
2026-01-27,2026-01-26,21,300052,46.0
2026-01-27,2026-01-26,22,300243,46.0
2026-01-27,2026-01-26,23,300398,46.0
2026-01-27,2026-01-26,24,300483,46.0
2026-01-27,2026-01-26,25,300680,46.0
2026-01-27,2026-01-26,26,600063,46.0
2026-01-27,2026-01-26,27,600226,46.0
2026-01-27,2026-01-26,28,600577,46.0
2026-01-27,2026-01-26,29,603308,46.0
2026-01-27,2026-01-26,30,603730,46.0
2026-01-27,2026-01-26,31,688257,46.0
2026-01-27,2026-01-26,32,688367,46.0
2026-01-27,2026-01-26,33,000408,45.0
2026-01-27,2026-01-26,34,000426,45.0
2026-01-27,2026-01-26,35,002517,45.0
2026-01-27,2026-01-26,36,002897,45.0
2026-01-27,2026-01-26,37,002921,45.0
2026-01-27,2026-01-26,38,300376,45.0
2026-01-27,2026-01-26,39,300428,45.0
2026-01-27,2026-01-26,40,300467,45.0
2026-01-27,2026-01-26,41,300736,45.0
2026-01-27,2026-01-26,42,300780,45.0
2026-01-27,2026-01-26,43,301028,45.0
2026-01-27,2026-01-26,44,600259,45.0
2026-01-27,2026-01-26,45,600831,45.0
2026-01-27,2026-01-26,46,600884,45.0
2026-01-27,2026-01-26,47,605580,45.0
2026-01-27,2026-01-26,48,688226,45.0
2026-01-27,2026-01-26,49,688386,45.0
2026-01-27,2026-01-26,50,688778,45.0
2026-01-28,2026-01-27,1,002446,53.0
2026-01-28,2026-01-27,2,300005,52.0
2026-01-28,2026-01-27,3,688708,52.0
2026-01-28,2026-01-27,4,688372,51.0
2026-01-28,2026-01-27,5,002378,50.0
2026-01-28,2026-01-27,6,301273,49.0
2026-01-28,2026-01-27,7,000657,48.0
2026-01-28,2026-01-27,8,002379,48.0
2026-01-28,2026-01-27,9,600331,48.0
2026-01-28,2026-01-27,10,601168,48.0
2026-01-28,2026-01-27,11,603040,48.0
2026-01-28,2026-01-27,12,688125,48.0
2026-01-28,2026-01-27,13,002171,47.0
2026-01-28,2026-01-27,14,300909,47.0
2026-01-28,2026-01-27,15,600228,47.0
2026-01-28,2026-01-27,16,601777,47.0
2026-01-28,2026-01-27,17,603308,47.0
2026-01-28,2026-01-27,18,603730,47.0
2026-01-28,2026-01-27,19,688531,47.0
2026-01-28,2026-01-27,20,000893,46.0
2026-01-28,2026-01-27,21,002532,46.0
2026-01-28,2026-01-27,22,002897,46.0
2026-01-28,2026-01-27,23,300052,46.0
2026-01-28,2026-01-27,24,300137,46.0
2026-01-28,2026-01-27,25,300243,46.0
2026-01-28,2026-01-27,26,300398,46.0
2026-01-28,2026-01-27,27,300483,46.0
2026-01-28,2026-01-27,28,300736,46.0
2026-01-28,2026-01-27,29,600063,46.0
2026-01-28,2026-01-27,30,600226,46.0
2026-01-28,2026-01-27,31,600577,46.0
2026-01-28,2026-01-27,32,688257,46.0
2026-01-28,2026-01-27,33,688367,46.0
2026-01-28,2026-01-27,34,000408,45.0
2026-01-28,2026-01-27,35,000426,45.0
2026-01-28,2026-01-27,36,002436,45.0
2026-01-28,2026-01-27,37,002517,45.0
2026-01-28,2026-01-27,38,002921,45.0
2026-01-28,2026-01-27,39,002963,45.0
2026-01-28,2026-01-27,40,300376,45.0
2026-01-28,2026-01-27,41,300428,45.0
2026-01-28,2026-01-27,42,300467,45.0
2026-01-28,2026-01-27,43,300731,45.0
2026-01-28,2026-01-27,44,300763,45.0
2026-01-28,2026-01-27,45,300780,45.0
2026-01-28,2026-01-27,46,300945,45.0
2026-01-28,2026-01-27,47,301003,45.0
2026-01-28,2026-01-27,48,301028,45.0
2026-01-28,2026-01-27,49,301042,45.0
2026-01-28,2026-01-27,50,600259,45.0
2026-01-29,2026-01-28,1,002446,53.0
2026-01-29,2026-01-28,2,300005,52.0
2026-01-29,2026-01-28,3,688372,51.0
2026-01-29,2026-01-28,4,002378,50.0
2026-01-29,2026-01-28,5,000657,49.0
2026-01-29,2026-01-28,6,600331,49.0
2026-01-29,2026-01-28,7,002171,48.0
2026-01-29,2026-01-28,8,002379,48.0
2026-01-29,2026-01-28,9,301273,48.0
2026-01-29,2026-01-28,10,603040,48.0
2026-01-29,2026-01-28,11,000893,47.0
2026-01-29,2026-01-28,12,300483,47.0
2026-01-29,2026-01-28,13,601168,47.0
2026-01-29,2026-01-28,14,603308,47.0
2026-01-29,2026-01-28,15,603730,47.0
2026-01-29,2026-01-28,16,688125,47.0
2026-01-29,2026-01-28,17,688257,47.0
2026-01-29,2026-01-28,18,002532,46.0
2026-01-29,2026-01-28,19,002897,46.0
2026-01-29,2026-01-28,20,300052,46.0
2026-01-29,2026-01-28,21,300137,46.0
2026-01-29,2026-01-28,22,300398,46.0
2026-01-29,2026-01-28,23,600063,46.0
2026-01-29,2026-01-28,24,600226,46.0
2026-01-29,2026-01-28,25,600259,46.0
2026-01-29,2026-01-28,26,688367,46.0
2026-01-29,2026-01-28,27,688386,46.0
2026-01-29,2026-01-28,28,688531,46.0
2026-01-29,2026-01-28,29,688652,46.0
2026-01-29,2026-01-28,30,000408,45.0
2026-01-29,2026-01-28,31,000816,45.0
2026-01-29,2026-01-28,32,000831,45.0
2026-01-29,2026-01-28,33,002436,45.0
2026-01-29,2026-01-28,34,002647,45.0
2026-01-29,2026-01-28,35,300243,45.0
2026-01-29,2026-01-28,36,300428,45.0
2026-01-29,2026-01-28,37,300467,45.0
2026-01-29,2026-01-28,38,300731,45.0
2026-01-29,2026-01-28,39,300736,45.0
2026-01-29,2026-01-28,40,300945,45.0
2026-01-29,2026-01-28,41,301028,45.0
2026-01-29,2026-01-28,42,301042,45.0
2026-01-29,2026-01-28,43,600549,45.0
2026-01-29,2026-01-28,44,600577,45.0
2026-01-29,2026-01-28,45,603979,45.0
2026-01-29,2026-01-28,46,605580,45.0
2026-01-29,2026-01-28,47,688120,45.0
2026-01-29,2026-01-28,48,688259,45.0
2026-01-29,2026-01-28,49,688331,45.0
2026-01-29,2026-01-28,50,688448,45.0
2026-01-30,2026-01-29,1,002446,52.0
2026-01-30,2026-01-29,2,300005,52.0
2026-01-30,2026-01-29,3,688372,51.0
2026-01-30,2026-01-29,4,002378,50.0
2026-01-30,2026-01-29,5,000657,49.0
2026-01-30,2026-01-29,6,300483,48.0
2026-01-30,2026-01-29,7,600331,48.0
2026-01-30,2026-01-29,8,002379,47.0
2026-01-30,2026-01-29,9,301273,47.0
2026-01-30,2026-01-29,10,601168,47.0
2026-01-30,2026-01-29,11,603040,47.0
2026-01-30,2026-01-29,12,603730,47.0
2026-01-30,2026-01-29,13,000831,46.0
2026-01-30,2026-01-29,14,000893,46.0
2026-01-30,2026-01-29,15,002532,46.0
2026-01-30,2026-01-29,16,300398,46.0
2026-01-30,2026-01-29,17,300467,46.0
2026-01-30,2026-01-29,18,600063,46.0
2026-01-30,2026-01-29,19,600228,46.0
2026-01-30,2026-01-29,20,600259,46.0
2026-01-30,2026-01-29,21,603308,46.0
2026-01-30,2026-01-29,22,688125,46.0
2026-01-30,2026-01-29,23,688257,46.0
2026-01-30,2026-01-29,24,688367,46.0
2026-01-30,2026-01-29,25,000408,45.0
2026-01-30,2026-01-29,26,000816,45.0
2026-01-30,2026-01-29,27,002436,45.0
2026-01-30,2026-01-29,28,002517,45.0
2026-01-30,2026-01-29,29,300428,45.0
2026-01-30,2026-01-29,30,300731,45.0
2026-01-30,2026-01-29,31,301042,45.0
2026-01-30,2026-01-29,32,600226,45.0
2026-01-30,2026-01-29,33,600549,45.0
2026-01-30,2026-01-29,34,603979,45.0
2026-01-30,2026-01-29,35,688120,45.0
2026-01-30,2026-01-29,36,688331,45.0
2026-01-30,2026-01-29,37,688386,45.0
2026-01-30,2026-01-29,38,688448,45.0
2026-01-30,2026-01-29,39,688678,45.0
2026-01-30,2026-01-29,40,000422,44.0
2026-01-30,2026-01-29,41,000608,44.0
2026-01-30,2026-01-29,42,000960,44.0
2026-01-30,2026-01-29,43,002428,44.0
2026-01-30,2026-01-29,44,002545,44.0
2026-01-30,2026-01-29,45,002548,44.0
2026-01-30,2026-01-29,46,002647,44.0
2026-01-30,2026-01-29,47,002848,44.0
2026-01-30,2026-01-29,48,002895,44.0
2026-01-30,2026-01-29,49,300053,44.0
2026-01-30,2026-01-29,50,300243,44.0
2026-02-02,2026-01-30,1,002446,51.0
2026-02-02,2026-01-30,2,300005,51.0
2026-02-02,2026-01-30,3,002378,50.0
2026-02-02,2026-01-30,4,688372,50.0
2026-02-02,2026-01-30,5,000657,49.0
2026-02-02,2026-01-30,6,300483,47.0
2026-02-02,2026-01-30,7,301273,47.0
2026-02-02,2026-01-30,8,600228,47.0
2026-02-02,2026-01-30,9,600331,47.0
2026-02-02,2026-01-30,10,601168,47.0
2026-02-02,2026-01-30,11,603040,47.0
2026-02-02,2026-01-30,12,603730,47.0
2026-02-02,2026-01-30,13,688257,47.0
2026-02-02,2026-01-30,14,688367,47.0
2026-02-02,2026-01-30,15,000831,46.0
2026-02-02,2026-01-30,16,000893,46.0
2026-02-02,2026-01-30,17,002379,46.0
2026-02-02,2026-01-30,18,002532,46.0
2026-02-02,2026-01-30,19,300398,46.0
2026-02-02,2026-01-30,20,600259,46.0
2026-02-02,2026-01-30,21,603308,46.0
2026-02-02,2026-01-30,22,688448,46.0
2026-02-02,2026-01-30,23,000816,45.0
2026-02-02,2026-01-30,24,002436,45.0
2026-02-02,2026-01-30,25,002602,45.0
2026-02-02,2026-01-30,26,002895,45.0
2026-02-02,2026-01-30,27,300672,45.0
2026-02-02,2026-01-30,28,300736,45.0
2026-02-02,2026-01-30,29,600063,45.0
2026-02-02,2026-01-30,30,600226,45.0
2026-02-02,2026-01-30,31,600549,45.0
2026-02-02,2026-01-30,32,601233,45.0
2026-02-02,2026-01-30,33,603173,45.0
2026-02-02,2026-01-30,34,688120,45.0
2026-02-02,2026-01-30,35,688125,45.0
2026-02-02,2026-01-30,36,688259,45.0
2026-02-02,2026-01-30,37,688531,45.0
2026-02-02,2026-01-30,38,000960,44.0
2026-02-02,2026-01-30,39,002647,44.0
2026-02-02,2026-01-30,40,003004,44.0
2026-02-02,2026-01-30,41,300042,44.0
2026-02-02,2026-01-30,42,300243,44.0
2026-02-02,2026-01-30,43,300731,44.0
2026-02-02,2026-01-30,44,300945,44.0
2026-02-02,2026-01-30,45,301003,44.0
2026-02-02,2026-01-30,46,301042,44.0
2026-02-02,2026-01-30,47,600338,44.0
2026-02-02,2026-01-30,48,600426,44.0
2026-02-02,2026-01-30,49,600593,44.0
2026-02-02,2026-01-30,50,603048,44.0
2026-02-03,2026-02-02,1,300005,51.0
2026-02-03,2026-02-02,2,002378,49.0
2026-02-03,2026-02-02,3,000657,48.0
2026-02-03,2026-02-02,4,301273,47.0
2026-02-03,2026-02-02,5,600331,47.0
2026-02-03,2026-02-02,6,601168,47.0
2026-02-03,2026-02-02,7,688257,47.0
2026-02-03,2026-02-02,8,688367,47.0
2026-02-03,2026-02-02,9,600228,46.0
2026-02-03,2026-02-02,10,600259,46.0
2026-02-03,2026-02-02,11,603040,46.0
2026-02-03,2026-02-02,12,603730,46.0
2026-02-03,2026-02-02,13,688448,46.0
2026-02-03,2026-02-02,14,002602,45.0
2026-02-03,2026-02-02,15,300398,45.0
2026-02-03,2026-02-02,16,600226,45.0
2026-02-03,2026-02-02,17,603173,45.0
2026-02-03,2026-02-02,18,603308,45.0
2026-02-03,2026-02-02,19,603391,45.0
2026-02-03,2026-02-02,20,688125,45.0
2026-02-03,2026-02-02,21,002647,44.0
2026-02-03,2026-02-02,22,300243,44.0
2026-02-03,2026-02-02,23,300731,44.0
2026-02-03,2026-02-02,24,300736,44.0
2026-02-03,2026-02-02,25,301042,44.0
2026-02-03,2026-02-02,26,600549,44.0
2026-02-03,2026-02-02,27,601233,44.0
2026-02-03,2026-02-02,28,688200,44.0
2026-02-03,2026-02-02,29,000534,43.0
2026-02-03,2026-02-02,30,000608,43.0
2026-02-03,2026-02-02,31,002028,43.0
2026-02-03,2026-02-02,32,002237,43.0
2026-02-03,2026-02-02,33,002545,43.0
2026-02-03,2026-02-02,34,002548,43.0
2026-02-03,2026-02-02,35,002828,43.0
2026-02-03,2026-02-02,36,300042,43.0
2026-02-03,2026-02-02,37,300053,43.0
2026-02-03,2026-02-02,38,300945,43.0
2026-02-03,2026-02-02,39,301018,43.0
2026-02-03,2026-02-02,40,301086,43.0
2026-02-03,2026-02-02,41,600301,43.0
2026-02-03,2026-02-02,42,600397,43.0
2026-02-03,2026-02-02,43,600568,43.0
2026-02-03,2026-02-02,44,603132,43.0
2026-02-03,2026-02-02,45,603398,43.0
2026-02-03,2026-02-02,46,603986,43.0
2026-02-03,2026-02-02,47,688059,43.0
2026-02-03,2026-02-02,48,688127,43.0
2026-02-03,2026-02-02,49,688312,43.0
2026-02-03,2026-02-02,50,688689,43.0
2026-02-04,2026-02-03,1,300005,52.0
2026-02-04,2026-02-03,2,002378,50.0
2026-02-04,2026-02-03,3,000657,48.0
2026-02-04,2026-02-03,4,301273,48.0
2026-02-04,2026-02-03,5,601168,48.0
2026-02-04,2026-02-03,6,688257,48.0
2026-02-04,2026-02-03,7,688367,48.0
2026-02-04,2026-02-03,8,000893,47.0
2026-02-04,2026-02-03,9,603730,47.0
2026-02-04,2026-02-03,10,688448,47.0
2026-02-04,2026-02-03,11,000831,46.0
2026-02-04,2026-02-03,12,600063,46.0
2026-02-04,2026-02-03,13,600226,46.0
2026-02-04,2026-02-03,14,600228,46.0
2026-02-04,2026-02-03,15,600331,46.0
2026-02-04,2026-02-03,16,603308,46.0
2026-02-04,2026-02-03,17,688125,46.0
2026-02-04,2026-02-03,18,000816,45.0
2026-02-04,2026-02-03,19,002379,45.0
2026-02-04,2026-02-03,20,002602,45.0
2026-02-04,2026-02-03,21,002647,45.0
2026-02-04,2026-02-03,22,002897,45.0
2026-02-04,2026-02-03,23,002963,45.0
2026-02-04,2026-02-03,24,300398,45.0
2026-02-04,2026-02-03,25,300467,45.0
2026-02-04,2026-02-03,26,300672,45.0
2026-02-04,2026-02-03,27,300736,45.0
2026-02-04,2026-02-03,28,600259,45.0
2026-02-04,2026-02-03,29,600426,45.0
2026-02-04,2026-02-03,30,600549,45.0
2026-02-04,2026-02-03,31,601233,45.0
2026-02-04,2026-02-03,32,603040,45.0
2026-02-04,2026-02-03,33,603173,45.0
2026-02-04,2026-02-03,34,603391,45.0
2026-02-04,2026-02-03,35,688200,45.0
2026-02-04,2026-02-03,36,002028,44.0
2026-02-04,2026-02-03,37,002545,44.0
2026-02-04,2026-02-03,38,002548,44.0
2026-02-04,2026-02-03,39,300243,44.0
2026-02-04,2026-02-03,40,300763,44.0
2026-02-04,2026-02-03,41,301003,44.0
2026-02-04,2026-02-03,42,301018,44.0
2026-02-04,2026-02-03,43,301042,44.0
2026-02-04,2026-02-03,44,600301,44.0
2026-02-04,2026-02-03,45,601100,44.0
2026-02-04,2026-02-03,46,603048,44.0
2026-02-04,2026-02-03,47,688059,44.0
2026-02-04,2026-02-03,48,688331,44.0
2026-02-04,2026-02-03,49,688689,44.0
2026-02-04,2026-02-03,50,688779,44.0
2026-02-05,2026-02-04,1,300005,52.0
2026-02-05,2026-02-04,2,002378,49.0
2026-02-05,2026-02-04,3,601168,48.0
2026-02-05,2026-02-04,4,688257,48.0
2026-02-05,2026-02-04,5,688367,48.0
2026-02-05,2026-02-04,6,000657,47.0
2026-02-05,2026-02-04,7,301273,47.0
2026-02-05,2026-02-04,8,600228,47.0
2026-02-05,2026-02-04,9,603308,47.0
2026-02-05,2026-02-04,10,603730,47.0
2026-02-05,2026-02-04,11,688448,47.0
2026-02-05,2026-02-04,12,002963,46.0
2026-02-05,2026-02-04,13,300736,46.0
2026-02-05,2026-02-04,14,600331,46.0
2026-02-05,2026-02-04,15,603040,46.0
2026-02-05,2026-02-04,16,688125,46.0
2026-02-05,2026-02-04,17,000816,45.0
2026-02-05,2026-02-04,18,002602,45.0
2026-02-05,2026-02-04,19,002647,45.0
2026-02-05,2026-02-04,20,002897,45.0
2026-02-05,2026-02-04,21,300243,45.0
2026-02-05,2026-02-04,22,300398,45.0
2026-02-05,2026-02-04,23,300467,45.0
2026-02-05,2026-02-04,24,300672,45.0
2026-02-05,2026-02-04,25,600259,45.0
2026-02-05,2026-02-04,26,600426,45.0
2026-02-05,2026-02-04,27,601100,45.0
2026-02-05,2026-02-04,28,601233,45.0
2026-02-05,2026-02-04,29,603173,45.0
2026-02-05,2026-02-04,30,603391,45.0
2026-02-05,2026-02-04,31,688020,45.0
2026-02-05,2026-02-04,32,688200,45.0
2026-02-05,2026-02-04,33,000534,44.0
2026-02-05,2026-02-04,34,001215,44.0
2026-02-05,2026-02-04,35,002028,44.0
2026-02-05,2026-02-04,36,002379,44.0
2026-02-05,2026-02-04,37,300283,44.0
2026-02-05,2026-02-04,38,300763,44.0
2026-02-05,2026-02-04,39,301003,44.0
2026-02-05,2026-02-04,40,301042,44.0
2026-02-05,2026-02-04,41,600301,44.0
2026-02-05,2026-02-04,42,600302,44.0
2026-02-05,2026-02-04,43,600397,44.0
2026-02-05,2026-02-04,44,600549,44.0
2026-02-05,2026-02-04,45,603048,44.0
2026-02-05,2026-02-04,46,688059,44.0
2026-02-05,2026-02-04,47,688312,44.0
2026-02-05,2026-02-04,48,688331,44.0
2026-02-05,2026-02-04,49,688689,44.0
2026-02-05,2026-02-04,50,688779,44.0
2026-02-06,2026-02-05,1,300005,52.0
2026-02-06,2026-02-05,2,002378,49.0
2026-02-06,2026-02-05,3,600228,48.0
2026-02-06,2026-02-05,4,688257,48.0
2026-02-06,2026-02-05,5,000657,47.0
2026-02-06,2026-02-05,6,300736,47.0
2026-02-06,2026-02-05,7,603308,47.0
2026-02-06,2026-02-05,8,688367,47.0
2026-02-06,2026-02-05,9,688448,47.0
2026-02-06,2026-02-05,10,002963,46.0
2026-02-06,2026-02-05,11,301273,46.0
2026-02-06,2026-02-05,12,600331,46.0
2026-02-06,2026-02-05,13,603730,46.0
2026-02-06,2026-02-05,14,300398,45.0
2026-02-06,2026-02-05,15,300467,45.0
2026-02-06,2026-02-05,16,600259,45.0
2026-02-06,2026-02-05,17,600302,45.0
2026-02-06,2026-02-05,18,601100,45.0
2026-02-06,2026-02-05,19,601233,45.0
2026-02-06,2026-02-05,20,603040,45.0
2026-02-06,2026-02-05,21,603391,45.0
2026-02-06,2026-02-05,22,688125,45.0
2026-02-06,2026-02-05,23,688200,45.0
2026-02-06,2026-02-05,24,000534,44.0
2026-02-06,2026-02-05,25,000703,44.0
2026-02-06,2026-02-05,26,002028,44.0
2026-02-06,2026-02-05,27,300243,44.0
2026-02-06,2026-02-05,28,300706,44.0
2026-02-06,2026-02-05,29,301566,44.0
2026-02-06,2026-02-05,30,000608,43.0
2026-02-06,2026-02-05,31,001215,43.0
2026-02-06,2026-02-05,32,001311,43.0
2026-02-06,2026-02-05,33,002545,43.0
2026-02-06,2026-02-05,34,002921,43.0
2026-02-06,2026-02-05,35,300097,43.0
2026-02-06,2026-02-05,36,300165,43.0
2026-02-06,2026-02-05,37,300471,43.0
2026-02-06,2026-02-05,38,300763,43.0
2026-02-06,2026-02-05,39,300881,43.0
2026-02-06,2026-02-05,40,301042,43.0
2026-02-06,2026-02-05,41,301057,43.0
2026-02-06,2026-02-05,42,600397,43.0
2026-02-06,2026-02-05,43,601588,43.0
2026-02-06,2026-02-05,44,603048,43.0
2026-02-06,2026-02-05,45,603319,43.0
2026-02-06,2026-02-05,46,688059,43.0
2026-02-06,2026-02-05,47,688191,43.0
2026-02-06,2026-02-05,48,688312,43.0
2026-02-06,2026-02-05,49,688625,43.0
2026-02-06,2026-02-05,50,688627,43.0
2026-02-09,2026-02-06,1,300005,51.0
2026-02-09,2026-02-06,2,002378,49.0
2026-02-09,2026-02-06,3,000657,48.0
2026-02-09,2026-02-06,4,300052,48.0
2026-02-09,2026-02-06,5,688367,48.0
2026-02-09,2026-02-06,6,301273,47.0
2026-02-09,2026-02-06,7,600228,47.0
2026-02-09,2026-02-06,8,600331,47.0
2026-02-09,2026-02-06,9,603268,47.0
2026-02-09,2026-02-06,10,002602,46.0
2026-02-09,2026-02-06,11,300398,46.0
2026-02-09,2026-02-06,12,300467,46.0
2026-02-09,2026-02-06,13,300736,46.0
2026-02-09,2026-02-06,14,600226,46.0
2026-02-09,2026-02-06,15,603308,46.0
2026-02-09,2026-02-06,16,603391,46.0
2026-02-09,2026-02-06,17,603730,46.0
2026-02-09,2026-02-06,18,688125,46.0
2026-02-09,2026-02-06,19,688448,46.0
2026-02-09,2026-02-06,20,000703,45.0
2026-02-09,2026-02-06,21,002379,45.0
2026-02-09,2026-02-06,22,002963,45.0
2026-02-09,2026-02-06,23,300243,45.0
2026-02-09,2026-02-06,24,300483,45.0
2026-02-09,2026-02-06,25,600063,45.0
2026-02-09,2026-02-06,26,600259,45.0
2026-02-09,2026-02-06,27,600549,45.0
2026-02-09,2026-02-06,28,601100,45.0
2026-02-09,2026-02-06,29,601233,45.0
2026-02-09,2026-02-06,30,688200,45.0
2026-02-09,2026-02-06,31,000534,44.0
2026-02-09,2026-02-06,32,002897,44.0
2026-02-09,2026-02-06,33,300706,44.0
2026-02-09,2026-02-06,34,300881,44.0
2026-02-09,2026-02-06,35,300945,44.0
2026-02-09,2026-02-06,36,301003,44.0
2026-02-09,2026-02-06,37,600302,44.0
2026-02-09,2026-02-06,38,600397,44.0
2026-02-09,2026-02-06,39,600426,44.0
2026-02-09,2026-02-06,40,603040,44.0
2026-02-09,2026-02-06,41,603173,44.0
2026-02-09,2026-02-06,42,688779,44.0
2026-02-09,2026-02-06,43,000608,43.0
2026-02-09,2026-02-06,44,001311,43.0
2026-02-09,2026-02-06,45,002028,43.0
2026-02-09,2026-02-06,46,002545,43.0
2026-02-09,2026-02-06,47,002548,43.0
2026-02-09,2026-02-06,48,002828,43.0
2026-02-09,2026-02-06,49,002921,43.0
2026-02-09,2026-02-06,50,300471,43.0
2026-02-10,2026-02-09,1,300005,50.0
2026-02-10,2026-02-09,2,002378,49.0
2026-02-10,2026-02-09,3,300052,48.0
2026-02-10,2026-02-09,4,301273,48.0
2026-02-10,2026-02-09,5,688367,48.0
2026-02-10,2026-02-09,6,000657,47.0
2026-02-10,2026-02-09,7,000831,47.0
2026-02-10,2026-02-09,8,300398,47.0
2026-02-10,2026-02-09,9,600228,47.0
2026-02-10,2026-02-09,10,603391,47.0
2026-02-10,2026-02-09,11,688257,47.0
2026-02-10,2026-02-09,12,688448,47.0
2026-02-10,2026-02-09,13,000703,46.0
2026-02-10,2026-02-09,14,002963,46.0
2026-02-10,2026-02-09,15,300243,46.0
2026-02-10,2026-02-09,16,300736,46.0
2026-02-10,2026-02-09,17,600259,46.0
2026-02-10,2026-02-09,18,600331,46.0
2026-02-10,2026-02-09,19,601100,46.0
2026-02-10,2026-02-09,20,603308,46.0
2026-02-10,2026-02-09,21,603730,46.0
2026-02-10,2026-02-09,22,688125,46.0
2026-02-10,2026-02-09,23,300467,45.0
2026-02-10,2026-02-09,24,300483,45.0
2026-02-10,2026-02-09,25,300881,45.0
2026-02-10,2026-02-09,26,600063,45.0
2026-02-10,2026-02-09,27,600397,45.0
2026-02-10,2026-02-09,28,601233,45.0
2026-02-10,2026-02-09,29,603173,45.0
2026-02-10,2026-02-09,30,688200,45.0
2026-02-10,2026-02-09,31,688689,45.0
2026-02-10,2026-02-09,32,002379,44.0
2026-02-10,2026-02-09,33,002548,44.0
2026-02-10,2026-02-09,34,002897,44.0
2026-02-10,2026-02-09,35,300672,44.0
2026-02-10,2026-02-09,36,300935,44.0
2026-02-10,2026-02-09,37,300945,44.0
2026-02-10,2026-02-09,38,301070,44.0
2026-02-10,2026-02-09,39,600302,44.0
2026-02-10,2026-02-09,40,600426,44.0
2026-02-10,2026-02-09,41,603048,44.0
2026-02-10,2026-02-09,42,688485,44.0
2026-02-10,2026-02-09,43,688779,44.0
2026-02-10,2026-02-09,44,000534,43.0
2026-02-10,2026-02-09,45,000608,43.0
2026-02-10,2026-02-09,46,001311,43.0
2026-02-10,2026-02-09,47,002028,43.0
2026-02-10,2026-02-09,48,002497,43.0
2026-02-10,2026-02-09,49,002545,43.0
2026-02-10,2026-02-09,50,002719,43.0
2026-02-11,2026-02-10,1,300005,51.0
2026-02-11,2026-02-10,2,002378,49.0
2026-02-11,2026-02-10,3,300052,49.0
2026-02-11,2026-02-10,4,300398,48.0
2026-02-11,2026-02-10,5,301273,48.0
2026-02-11,2026-02-10,6,603268,48.0
2026-02-11,2026-02-10,7,688367,48.0
2026-02-11,2026-02-10,8,000703,47.0
2026-02-11,2026-02-10,9,000831,47.0
2026-02-11,2026-02-10,10,600226,47.0
2026-02-11,2026-02-10,11,600228,47.0
2026-02-11,2026-02-10,12,601100,47.0
2026-02-11,2026-02-10,13,603308,47.0
2026-02-11,2026-02-10,14,603391,47.0
2026-02-11,2026-02-10,15,688257,47.0
2026-02-11,2026-02-10,16,688448,47.0
2026-02-11,2026-02-10,17,000657,46.0
2026-02-11,2026-02-10,18,002963,46.0
2026-02-11,2026-02-10,19,300243,46.0
2026-02-11,2026-02-10,20,300736,46.0
2026-02-11,2026-02-10,21,300881,46.0
2026-02-11,2026-02-10,22,600259,46.0
2026-02-11,2026-02-10,23,600331,46.0
2026-02-11,2026-02-10,24,600397,46.0
2026-02-11,2026-02-10,25,601233,46.0
2026-02-11,2026-02-10,26,603730,46.0
2026-02-11,2026-02-10,27,688125,46.0
2026-02-11,2026-02-10,28,002379,45.0
2026-02-11,2026-02-10,29,300467,45.0
2026-02-11,2026-02-10,30,300483,45.0
2026-02-11,2026-02-10,31,600063,45.0
2026-02-11,2026-02-10,32,600549,45.0
2026-02-11,2026-02-10,33,603173,45.0
2026-02-11,2026-02-10,34,688200,45.0
2026-02-11,2026-02-10,35,000534,44.0
2026-02-11,2026-02-10,36,000608,44.0
2026-02-11,2026-02-10,37,002028,44.0
2026-02-11,2026-02-10,38,002548,44.0
2026-02-11,2026-02-10,39,002897,44.0
2026-02-11,2026-02-10,40,300242,44.0
2026-02-11,2026-02-10,41,300419,44.0
2026-02-11,2026-02-10,42,300640,44.0
2026-02-11,2026-02-10,43,300935,44.0
2026-02-11,2026-02-10,44,301070,44.0
2026-02-11,2026-02-10,45,600302,44.0
2026-02-11,2026-02-10,46,600426,44.0
2026-02-11,2026-02-10,47,603048,44.0
2026-02-11,2026-02-10,48,688331,44.0
2026-02-11,2026-02-10,49,688485,44.0
2026-02-11,2026-02-10,50,688625,44.0
2026-02-12,2026-02-11,1,300005,50.0
2026-02-12,2026-02-11,2,603268,49.0
2026-02-12,2026-02-11,3,002378,48.0
2026-02-12,2026-02-11,4,300052,48.0
2026-02-12,2026-02-11,5,300398,48.0
2026-02-12,2026-02-11,6,301273,48.0
2026-02-12,2026-02-11,7,603391,48.0
2026-02-12,2026-02-11,8,000831,47.0
2026-02-12,2026-02-11,9,600228,47.0
2026-02-12,2026-02-11,10,601100,47.0
2026-02-12,2026-02-11,11,601168,47.0
2026-02-12,2026-02-11,12,688257,47.0
2026-02-12,2026-02-11,13,688367,47.0
2026-02-12,2026-02-11,14,688448,47.0
2026-02-12,2026-02-11,15,000703,46.0
2026-02-12,2026-02-11,16,002379,46.0
2026-02-12,2026-02-11,17,300467,46.0
2026-02-12,2026-02-11,18,300736,46.0
2026-02-12,2026-02-11,19,300881,46.0
2026-02-12,2026-02-11,20,600226,46.0
2026-02-12,2026-02-11,21,600259,46.0
2026-02-12,2026-02-11,22,600331,46.0
2026-02-12,2026-02-11,23,600397,46.0
2026-02-12,2026-02-11,24,603308,46.0
2026-02-12,2026-02-11,25,000422,45.0
2026-02-12,2026-02-11,26,000657,45.0
2026-02-12,2026-02-11,27,002963,45.0
2026-02-12,2026-02-11,28,300243,45.0
2026-02-12,2026-02-11,29,300483,45.0
2026-02-12,2026-02-11,30,301369,45.0
2026-02-12,2026-02-11,31,600063,45.0
2026-02-12,2026-02-11,32,601233,45.0
2026-02-12,2026-02-11,33,603730,45.0
2026-02-12,2026-02-11,34,688125,45.0
2026-02-12,2026-02-11,35,688678,45.0
2026-02-12,2026-02-11,36,002548,44.0
2026-02-12,2026-02-11,37,301566,44.0
2026-02-12,2026-02-11,38,600426,44.0
2026-02-12,2026-02-11,39,600549,44.0
2026-02-12,2026-02-11,40,601588,44.0
2026-02-12,2026-02-11,41,603173,44.0
2026-02-12,2026-02-11,42,603319,44.0
2026-02-12,2026-02-11,43,605196,44.0
2026-02-12,2026-02-11,44,688059,44.0
2026-02-12,2026-02-11,45,688200,44.0
2026-02-12,2026-02-11,46,688485,44.0
2026-02-12,2026-02-11,47,688779,44.0
2026-02-12,2026-02-11,48,000534,43.0
2026-02-12,2026-02-11,49,000608,43.0
2026-02-12,2026-02-11,50,000708,43.0
2026-02-13,2026-02-12,1,300005,50.0
2026-02-13,2026-02-12,2,603268,49.0
2026-02-13,2026-02-12,3,000831,48.0
2026-02-13,2026-02-12,4,300398,48.0
2026-02-13,2026-02-12,5,601168,48.0
2026-02-13,2026-02-12,6,688448,48.0
2026-02-13,2026-02-12,7,000893,47.0
2026-02-13,2026-02-12,8,002378,47.0
2026-02-13,2026-02-12,9,300052,47.0
2026-02-13,2026-02-12,10,301273,47.0
2026-02-13,2026-02-12,11,600226,47.0
2026-02-13,2026-02-12,12,600228,47.0
2026-02-13,2026-02-12,13,600331,47.0
2026-02-13,2026-02-12,14,603391,47.0
2026-02-13,2026-02-12,15,688257,47.0
2026-02-13,2026-02-12,16,688367,47.0
2026-02-13,2026-02-12,17,002379,46.0
2026-02-13,2026-02-12,18,300736,46.0
2026-02-13,2026-02-12,19,300881,46.0
2026-02-13,2026-02-12,20,600259,46.0
2026-02-13,2026-02-12,21,600397,46.0
2026-02-13,2026-02-12,22,601100,46.0
2026-02-13,2026-02-12,23,000657,45.0
2026-02-13,2026-02-12,24,000703,45.0
2026-02-13,2026-02-12,25,300243,45.0
2026-02-13,2026-02-12,26,300467,45.0
2026-02-13,2026-02-12,27,300483,45.0
2026-02-13,2026-02-12,28,600063,45.0
2026-02-13,2026-02-12,29,601233,45.0
2026-02-13,2026-02-12,30,603308,45.0
2026-02-13,2026-02-12,31,603730,45.0
2026-02-13,2026-02-12,32,688059,45.0
2026-02-13,2026-02-12,33,688678,45.0
2026-02-13,2026-02-12,34,688779,45.0
2026-02-13,2026-02-12,35,000510,44.0
2026-02-13,2026-02-12,36,002028,44.0
2026-02-13,2026-02-12,37,002497,44.0
2026-02-13,2026-02-12,38,300037,44.0
2026-02-13,2026-02-12,39,300125,44.0
2026-02-13,2026-02-12,40,300165,44.0
2026-02-13,2026-02-12,41,301369,44.0
2026-02-13,2026-02-12,42,301566,44.0
2026-02-13,2026-02-12,43,600549,44.0
2026-02-13,2026-02-12,44,603173,44.0
2026-02-13,2026-02-12,45,603319,44.0
2026-02-13,2026-02-12,46,605196,44.0
2026-02-13,2026-02-12,47,688485,44.0
2026-02-13,2026-02-12,48,688625,44.0
2026-02-13,2026-02-12,49,000534,43.0
2026-02-13,2026-02-12,50,000571,43.0
2026-02-24,2026-02-13,1,603268,49.0
2026-02-24,2026-02-13,2,688448,49.0
2026-02-24,2026-02-13,3,300052,48.0
2026-02-24,2026-02-13,4,300398,48.0
2026-02-24,2026-02-13,5,000831,47.0
2026-02-24,2026-02-13,6,600226,47.0
2026-02-24,2026-02-13,7,600228,47.0
2026-02-24,2026-02-13,8,600331,47.0
2026-02-24,2026-02-13,9,603391,47.0
2026-02-24,2026-02-13,10,688257,47.0
2026-02-24,2026-02-13,11,002378,46.0
2026-02-24,2026-02-13,12,300736,46.0
2026-02-24,2026-02-13,13,300881,46.0
2026-02-24,2026-02-13,14,301273,46.0
2026-02-24,2026-02-13,15,688367,46.0
2026-02-24,2026-02-13,16,000703,45.0
2026-02-24,2026-02-13,17,300037,45.0
2026-02-24,2026-02-13,18,300243,45.0
2026-02-24,2026-02-13,19,600259,45.0
2026-02-24,2026-02-13,20,600397,45.0
2026-02-24,2026-02-13,21,601100,45.0
2026-02-24,2026-02-13,22,601233,45.0
2026-02-24,2026-02-13,23,603308,45.0
2026-02-24,2026-02-13,24,688259,45.0
2026-02-24,2026-02-13,25,688625,45.0
2026-02-24,2026-02-13,26,000657,44.0
2026-02-24,2026-02-13,27,002028,44.0
2026-02-24,2026-02-13,28,002497,44.0
2026-02-24,2026-02-13,29,300483,44.0
2026-02-24,2026-02-13,30,300672,44.0
2026-02-24,2026-02-13,31,301018,44.0
2026-02-24,2026-02-13,32,301369,44.0
2026-02-24,2026-02-13,33,301566,44.0
2026-02-24,2026-02-13,34,603319,44.0
2026-02-24,2026-02-13,35,603730,44.0
2026-02-24,2026-02-13,36,605196,44.0
2026-02-24,2026-02-13,37,688059,44.0
2026-02-24,2026-02-13,38,688322,44.0
2026-02-24,2026-02-13,39,688678,44.0
2026-02-24,2026-02-13,40,688779,44.0
2026-02-24,2026-02-13,41,000510,43.0
2026-02-24,2026-02-13,42,000534,43.0
2026-02-24,2026-02-13,43,001259,43.0
2026-02-24,2026-02-13,44,002548,43.0
2026-02-24,2026-02-13,45,300125,43.0
2026-02-24,2026-02-13,46,300137,43.0
2026-02-24,2026-02-13,47,300165,43.0
2026-02-24,2026-02-13,48,300650,43.0
2026-02-24,2026-02-13,49,301057,43.0
2026-02-24,2026-02-13,50,600549,43.0
2026-02-25,2026-02-24,1,688448,49.0
2026-02-25,2026-02-24,2,000831,48.0
2026-02-25,2026-02-24,3,600331,48.0
2026-02-25,2026-02-24,4,603268,48.0
2026-02-25,2026-02-24,5,000893,47.0
2026-02-25,2026-02-24,6,300052,47.0
2026-02-25,2026-02-24,7,300398,47.0
2026-02-25,2026-02-24,8,603391,47.0
2026-02-25,2026-02-24,9,688257,47.0
2026-02-25,2026-02-24,10,300722,46.0
2026-02-25,2026-02-24,11,300881,46.0
2026-02-25,2026-02-24,12,301273,46.0
2026-02-25,2026-02-24,13,600228,46.0
2026-02-25,2026-02-24,14,600259,46.0
2026-02-25,2026-02-24,15,603308,46.0
2026-02-25,2026-02-24,16,688367,46.0
2026-02-25,2026-02-24,17,002378,45.0
2026-02-25,2026-02-24,18,002436,45.0
2026-02-25,2026-02-24,19,002497,45.0
2026-02-25,2026-02-24,20,002963,45.0
2026-02-25,2026-02-24,21,300037,45.0
2026-02-25,2026-02-24,22,300243,45.0
2026-02-25,2026-02-24,23,300467,45.0
2026-02-25,2026-02-24,24,300736,45.0
2026-02-25,2026-02-24,25,600063,45.0
2026-02-25,2026-02-24,26,601233,45.0
2026-02-25,2026-02-24,27,688625,45.0
2026-02-25,2026-02-24,28,688779,45.0
2026-02-25,2026-02-24,29,000422,44.0
2026-02-25,2026-02-24,30,000657,44.0
2026-02-25,2026-02-24,31,000703,44.0
2026-02-25,2026-02-24,32,001259,44.0
2026-02-25,2026-02-24,33,002028,44.0
2026-02-25,2026-02-24,34,002210,44.0
2026-02-25,2026-02-24,35,002647,44.0
2026-02-25,2026-02-24,36,002738,44.0
2026-02-25,2026-02-24,37,300483,44.0
2026-02-25,2026-02-24,38,300672,44.0
2026-02-25,2026-02-24,39,301018,44.0
2026-02-25,2026-02-24,40,301566,44.0
2026-02-25,2026-02-24,41,600397,44.0
2026-02-25,2026-02-24,42,603290,44.0
2026-02-25,2026-02-24,43,605196,44.0
2026-02-25,2026-02-24,44,688059,44.0
2026-02-25,2026-02-24,45,688120,44.0
2026-02-25,2026-02-24,46,688259,44.0
2026-02-25,2026-02-24,47,688669,44.0
2026-02-25,2026-02-24,48,688678,44.0
2026-02-25,2026-02-24,49,000510,43.0
2026-02-25,2026-02-24,50,000571,43.0
2026-02-26,2026-02-25,1,300005,50.0
2026-02-26,2026-02-25,2,688448,50.0
2026-02-26,2026-02-25,3,601168,49.0
2026-02-26,2026-02-25,4,603268,49.0
2026-02-26,2026-02-25,5,300398,48.0
2026-02-26,2026-02-25,6,600331,48.0
2026-02-26,2026-02-25,7,603391,48.0
2026-02-26,2026-02-25,8,000831,47.0
2026-02-26,2026-02-25,9,300052,47.0
2026-02-26,2026-02-25,10,600228,47.0
2026-02-26,2026-02-25,11,688257,47.0
2026-02-26,2026-02-25,12,688401,47.0
2026-02-26,2026-02-25,13,000893,46.0
2026-02-26,2026-02-25,14,002497,46.0
2026-02-26,2026-02-25,15,002963,46.0
2026-02-26,2026-02-25,16,300243,46.0
2026-02-26,2026-02-25,17,300350,46.0
2026-02-26,2026-02-25,18,300722,46.0
2026-02-26,2026-02-25,19,300881,46.0
2026-02-26,2026-02-25,20,301273,46.0
2026-02-26,2026-02-25,21,600259,46.0
2026-02-26,2026-02-25,22,600577,46.0
2026-02-26,2026-02-25,23,603308,46.0
2026-02-26,2026-02-25,24,688367,46.0
2026-02-26,2026-02-25,25,002210,45.0
2026-02-26,2026-02-25,26,002436,45.0
2026-02-26,2026-02-25,27,002738,45.0
2026-02-26,2026-02-25,28,300037,45.0
2026-02-26,2026-02-25,29,300467,45.0
2026-02-26,2026-02-25,30,300736,45.0
2026-02-26,2026-02-25,31,301566,45.0
2026-02-26,2026-02-25,32,600063,45.0
2026-02-26,2026-02-25,33,600338,45.0
2026-02-26,2026-02-25,34,601233,45.0
2026-02-26,2026-02-25,35,603290,45.0
2026-02-26,2026-02-25,36,603389,45.0
2026-02-26,2026-02-25,37,688120,45.0
2026-02-26,2026-02-25,38,688259,45.0
2026-02-26,2026-02-25,39,688625,45.0
2026-02-26,2026-02-25,40,688669,45.0
2026-02-26,2026-02-25,41,688779,45.0
2026-02-26,2026-02-25,42,000422,44.0
2026-02-26,2026-02-25,43,000571,44.0
2026-02-26,2026-02-25,44,000657,44.0
2026-02-26,2026-02-25,45,000703,44.0
2026-02-26,2026-02-25,46,000708,44.0
2026-02-26,2026-02-25,47,000816,44.0
2026-02-26,2026-02-25,48,000901,44.0
2026-02-26,2026-02-25,49,001259,44.0
2026-02-26,2026-02-25,50,002028,44.0
2026-02-27,2026-02-26,1,300005,50.0
2026-02-27,2026-02-26,2,603268,50.0
2026-02-27,2026-02-26,3,002171,49.0
2026-02-27,2026-02-26,4,601168,49.0
2026-02-27,2026-02-26,5,688448,49.0
2026-02-27,2026-02-26,6,300398,48.0
2026-02-27,2026-02-26,7,603391,48.0
2026-02-27,2026-02-26,8,688257,48.0
2026-02-27,2026-02-26,9,000831,47.0
2026-02-27,2026-02-26,10,002963,47.0
2026-02-27,2026-02-26,11,300052,47.0
2026-02-27,2026-02-26,12,600331,47.0
2026-02-27,2026-02-26,13,600577,47.0
2026-02-27,2026-02-26,14,688367,47.0
2026-02-27,2026-02-26,15,688372,47.0
2026-02-27,2026-02-26,16,688401,47.0
2026-02-27,2026-02-26,17,002497,46.0
2026-02-27,2026-02-26,18,300243,46.0
2026-02-27,2026-02-26,19,300722,46.0
2026-02-27,2026-02-26,20,300881,46.0
2026-02-27,2026-02-26,21,301028,46.0
2026-02-27,2026-02-26,22,301273,46.0
2026-02-27,2026-02-26,23,600228,46.0
2026-02-27,2026-02-26,24,688708,46.0
2026-02-27,2026-02-26,25,000708,45.0
2026-02-27,2026-02-26,26,002028,45.0
2026-02-27,2026-02-26,27,002210,45.0
2026-02-27,2026-02-26,28,002436,45.0
2026-02-27,2026-02-26,29,002647,45.0
2026-02-27,2026-02-26,30,002738,45.0
2026-02-27,2026-02-26,31,300736,45.0
2026-02-27,2026-02-26,32,301566,45.0
2026-02-27,2026-02-26,33,600063,45.0
2026-02-27,2026-02-26,34,600259,45.0
2026-02-27,2026-02-26,35,600338,45.0
2026-02-27,2026-02-26,36,600397,45.0
2026-02-27,2026-02-26,37,603308,45.0
2026-02-27,2026-02-26,38,603389,45.0
2026-02-27,2026-02-26,39,603398,45.0
2026-02-27,2026-02-26,40,603690,45.0
2026-02-27,2026-02-26,41,605589,45.0
2026-02-27,2026-02-26,42,688259,45.0
2026-02-27,2026-02-26,43,688378,45.0
2026-02-27,2026-02-26,44,688625,45.0
2026-02-27,2026-02-26,45,688779,45.0
2026-02-27,2026-02-26,46,000422,44.0
2026-02-27,2026-02-26,47,000571,44.0
2026-02-27,2026-02-26,48,000816,44.0
2026-02-27,2026-02-26,49,001259,44.0
2026-02-27,2026-02-26,50,001311,44.0
2026-03-02,2026-02-27,1,300005,51.0
2026-03-02,2026-02-27,2,603268,51.0
2026-03-02,2026-02-27,3,688448,50.0
2026-03-02,2026-02-27,4,002171,49.0
2026-03-02,2026-02-27,5,601168,49.0
2026-03-02,2026-02-27,6,603391,49.0
2026-03-02,2026-02-27,7,600331,48.0
2026-03-02,2026-02-27,8,688257,48.0
2026-03-02,2026-02-27,9,688372,48.0
2026-03-02,2026-02-27,10,300052,47.0
2026-03-02,2026-02-27,11,300350,47.0
2026-03-02,2026-02-27,12,300398,47.0
2026-03-02,2026-02-27,13,600577,47.0
2026-03-02,2026-02-27,14,688367,47.0
2026-03-02,2026-02-27,15,688401,47.0
2026-03-02,2026-02-27,16,000831,46.0
2026-03-02,2026-02-27,17,002210,46.0
2026-03-02,2026-02-27,18,002497,46.0
2026-03-02,2026-02-27,19,002738,46.0
2026-03-02,2026-02-27,20,002963,46.0
2026-03-02,2026-02-27,21,300243,46.0
2026-03-02,2026-02-27,22,300881,46.0
2026-03-02,2026-02-27,23,301028,46.0
2026-03-02,2026-02-27,24,600338,46.0
2026-03-02,2026-02-27,25,000422,45.0
2026-03-02,2026-02-27,26,000571,45.0
2026-03-02,2026-02-27,27,000708,45.0
2026-03-02,2026-02-27,28,000893,45.0
2026-03-02,2026-02-27,29,002436,45.0
2026-03-02,2026-02-27,30,002647,45.0
2026-03-02,2026-02-27,31,300722,45.0
2026-03-02,2026-02-27,32,301273,45.0
2026-03-02,2026-02-27,33,600063,45.0
2026-03-02,2026-02-27,34,603308,45.0
2026-03-02,2026-02-27,35,603389,45.0
2026-03-02,2026-02-27,36,603690,45.0
2026-03-02,2026-02-27,37,688259,45.0
2026-03-02,2026-02-27,38,688378,45.0
2026-03-02,2026-02-27,39,688625,45.0
2026-03-02,2026-02-27,40,688708,45.0
2026-03-02,2026-02-27,41,000703,44.0
2026-03-02,2026-02-27,42,000816,44.0
2026-03-02,2026-02-27,43,001259,44.0
2026-03-02,2026-02-27,44,002028,44.0
2026-03-02,2026-02-27,45,002357,44.0
2026-03-02,2026-02-27,46,002378,44.0
2026-03-02,2026-02-27,47,300037,44.0
2026-03-02,2026-02-27,48,300125,44.0
2026-03-02,2026-02-27,49,300471,44.0
2026-03-02,2026-02-27,50,300540,44.0
2026-03-03,2026-03-02,1,300005,51.0
2026-03-03,2026-03-02,2,603268,51.0
2026-03-03,2026-03-02,3,601168,50.0
2026-03-03,2026-03-02,4,603391,50.0
2026-03-03,2026-03-02,5,688448,50.0
2026-03-03,2026-03-02,6,002171,49.0
2026-03-03,2026-03-02,7,688372,49.0
2026-03-03,2026-03-02,8,600331,48.0
2026-03-03,2026-03-02,9,688257,48.0
2026-03-03,2026-03-02,10,300398,47.0
2026-03-03,2026-03-02,11,688401,47.0
2026-03-03,2026-03-02,12,000831,46.0
2026-03-03,2026-03-02,13,002497,46.0
2026-03-03,2026-03-02,14,002738,46.0
2026-03-03,2026-03-02,15,300052,46.0
2026-03-03,2026-03-02,16,300881,46.0
2026-03-03,2026-03-02,17,600577,46.0
2026-03-03,2026-03-02,18,688625,46.0
2026-03-03,2026-03-02,19,000571,45.0
2026-03-03,2026-03-02,20,002028,45.0
2026-03-03,2026-03-02,21,002436,45.0
2026-03-03,2026-03-02,22,002532,45.0
2026-03-03,2026-03-02,23,002647,45.0
2026-03-03,2026-03-02,24,002963,45.0
2026-03-03,2026-03-02,25,300243,45.0
2026-03-03,2026-03-02,26,300722,45.0
2026-03-03,2026-03-02,27,301273,45.0
2026-03-03,2026-03-02,28,600338,45.0
2026-03-03,2026-03-02,29,603308,45.0
2026-03-03,2026-03-02,30,605589,45.0
2026-03-03,2026-03-02,31,688378,45.0
2026-03-03,2026-03-02,32,688708,45.0
2026-03-03,2026-03-02,33,688779,45.0
2026-03-03,2026-03-02,34,000422,44.0
2026-03-03,2026-03-02,35,000703,44.0
2026-03-03,2026-03-02,36,000708,44.0
2026-03-03,2026-03-02,37,000893,44.0
2026-03-03,2026-03-02,38,002357,44.0
2026-03-03,2026-03-02,39,002378,44.0
2026-03-03,2026-03-02,40,002484,44.0
2026-03-03,2026-03-02,41,300037,44.0
2026-03-03,2026-03-02,42,300125,44.0
2026-03-03,2026-03-02,43,300189,44.0
2026-03-03,2026-03-02,44,300455,44.0
2026-03-03,2026-03-02,45,300540,44.0
2026-03-03,2026-03-02,46,300672,44.0
2026-03-03,2026-03-02,47,300736,44.0
2026-03-03,2026-03-02,48,300763,44.0
2026-03-03,2026-03-02,49,300843,44.0
2026-03-03,2026-03-02,50,301018,44.0
2026-03-04,2026-03-03,1,603268,51.0
2026-03-04,2026-03-03,2,603391,50.0
2026-03-04,2026-03-03,3,688372,49.0
2026-03-04,2026-03-03,4,300350,48.0
2026-03-04,2026-03-03,5,600331,48.0
2026-03-04,2026-03-03,6,300398,47.0
2026-03-04,2026-03-03,7,688257,47.0
2026-03-04,2026-03-03,8,300881,46.0
2026-03-04,2026-03-03,9,688625,46.0
2026-03-04,2026-03-03,10,000831,45.0
2026-03-04,2026-03-03,11,002028,45.0
2026-03-04,2026-03-03,12,300243,45.0
2026-03-04,2026-03-03,13,300722,45.0
2026-03-04,2026-03-03,14,603308,45.0
2026-03-04,2026-03-03,15,603699,45.0
2026-03-04,2026-03-03,16,605589,45.0
2026-03-04,2026-03-03,17,688378,45.0
2026-03-04,2026-03-03,18,688779,45.0
2026-03-04,2026-03-03,19,000422,44.0
2026-03-04,2026-03-03,20,000571,44.0
2026-03-04,2026-03-03,21,000703,44.0
2026-03-04,2026-03-03,22,000708,44.0
2026-03-04,2026-03-03,23,000893,44.0
2026-03-04,2026-03-03,24,002357,44.0
2026-03-04,2026-03-03,25,002436,44.0
2026-03-04,2026-03-03,26,002647,44.0
2026-03-04,2026-03-03,27,002921,44.0
2026-03-04,2026-03-03,28,300037,44.0
2026-03-04,2026-03-03,29,300125,44.0
2026-03-04,2026-03-03,30,300189,44.0
2026-03-04,2026-03-03,31,300471,44.0
2026-03-04,2026-03-03,32,300540,44.0
2026-03-04,2026-03-03,33,300736,44.0
2026-03-04,2026-03-03,34,300763,44.0
2026-03-04,2026-03-03,35,301042,44.0
2026-03-04,2026-03-03,36,600259,44.0
2026-03-04,2026-03-03,37,600397,44.0
2026-03-04,2026-03-03,38,601233,44.0
2026-03-04,2026-03-03,39,605196,44.0
2026-03-04,2026-03-03,40,688125,44.0
2026-03-04,2026-03-03,41,688226,44.0
2026-03-04,2026-03-03,42,688669,44.0
2026-03-04,2026-03-03,43,688689,44.0
2026-03-04,2026-03-03,44,000510,43.0
2026-03-04,2026-03-03,45,000612,43.0
2026-03-04,2026-03-03,46,000816,43.0
2026-03-04,2026-03-03,47,002182,43.0
2026-03-04,2026-03-03,48,002378,43.0
2026-03-04,2026-03-03,49,002484,43.0
2026-03-04,2026-03-03,50,300428,43.0
2026-03-05,2026-03-04,1,603268,51.0
2026-03-05,2026-03-04,2,603391,50.0
2026-03-05,2026-03-04,3,300350,49.0
2026-03-05,2026-03-04,4,688372,49.0
2026-03-05,2026-03-04,5,600331,47.0
2026-03-05,2026-03-04,6,000831,46.0
2026-03-05,2026-03-04,7,002028,46.0
2026-03-05,2026-03-04,8,002532,46.0
2026-03-05,2026-03-04,9,300398,46.0
2026-03-05,2026-03-04,10,300881,46.0
2026-03-05,2026-03-04,11,603308,46.0
2026-03-05,2026-03-04,12,688257,46.0
2026-03-05,2026-03-04,13,000422,45.0
2026-03-05,2026-03-04,14,000893,45.0
2026-03-05,2026-03-04,15,002921,45.0
2026-03-05,2026-03-04,16,300722,45.0
2026-03-05,2026-03-04,17,688779,45.0
2026-03-05,2026-03-04,18,000612,44.0
2026-03-05,2026-03-04,19,000816,44.0
2026-03-05,2026-03-04,20,002357,44.0
2026-03-05,2026-03-04,21,300125,44.0
2026-03-05,2026-03-04,22,300189,44.0
2026-03-05,2026-03-04,23,300471,44.0
2026-03-05,2026-03-04,24,300505,44.0
2026-03-05,2026-03-04,25,300540,44.0
2026-03-05,2026-03-04,26,300938,44.0
2026-03-05,2026-03-04,27,301018,44.0
2026-03-05,2026-03-04,28,301042,44.0
2026-03-05,2026-03-04,29,605589,44.0
2026-03-05,2026-03-04,30,688125,44.0
2026-03-05,2026-03-04,31,688226,44.0
2026-03-05,2026-03-04,32,688378,44.0
2026-03-05,2026-03-04,33,688669,44.0
2026-03-05,2026-03-04,34,000571,43.0
2026-03-05,2026-03-04,35,000708,43.0
2026-03-05,2026-03-04,36,000933,43.0
2026-03-05,2026-03-04,37,002182,43.0
2026-03-05,2026-03-04,38,002378,43.0
2026-03-05,2026-03-04,39,002436,43.0
2026-03-05,2026-03-04,40,002484,43.0
2026-03-05,2026-03-04,41,300037,43.0
2026-03-05,2026-03-04,42,300165,43.0
2026-03-05,2026-03-04,43,300499,43.0
2026-03-05,2026-03-04,44,300763,43.0
2026-03-05,2026-03-04,45,301323,43.0
2026-03-05,2026-03-04,46,301566,43.0
2026-03-05,2026-03-04,47,600259,43.0
2026-03-05,2026-03-04,48,600397,43.0
2026-03-05,2026-03-04,49,600525,43.0
2026-03-05,2026-03-04,50,601388,43.0
2026-03-06,2026-03-05,1,603268,52.0
2026-03-06,2026-03-05,2,603391,50.0
2026-03-06,2026-03-05,3,300350,49.0
2026-03-06,2026-03-05,4,688372,49.0
2026-03-06,2026-03-05,5,300052,47.0
2026-03-06,2026-03-05,6,600331,47.0
2026-03-06,2026-03-05,7,688401,47.0
2026-03-06,2026-03-05,8,000831,46.0
2026-03-06,2026-03-05,9,002028,46.0
2026-03-06,2026-03-05,10,300398,46.0
2026-03-06,2026-03-05,11,300881,46.0
2026-03-06,2026-03-05,12,600577,46.0
2026-03-06,2026-03-05,13,603308,46.0
2026-03-06,2026-03-05,14,688257,46.0
2026-03-06,2026-03-05,15,000422,45.0
2026-03-06,2026-03-05,16,000893,45.0
2026-03-06,2026-03-05,17,002532,45.0
2026-03-06,2026-03-05,18,300125,45.0
2026-03-06,2026-03-05,19,300471,45.0
2026-03-06,2026-03-05,20,301018,45.0
2026-03-06,2026-03-05,21,688378,45.0
2026-03-06,2026-03-05,22,688779,45.0
2026-03-06,2026-03-05,23,000816,44.0
2026-03-06,2026-03-05,24,002357,44.0
2026-03-06,2026-03-05,25,002921,44.0
2026-03-06,2026-03-05,26,300189,44.0
2026-03-06,2026-03-05,27,300243,44.0
2026-03-06,2026-03-05,28,300499,44.0
2026-03-06,2026-03-05,29,300505,44.0
2026-03-06,2026-03-05,30,300540,44.0
2026-03-06,2026-03-05,31,300722,44.0
2026-03-06,2026-03-05,32,300938,44.0
2026-03-06,2026-03-05,33,301042,44.0
2026-03-06,2026-03-05,34,600525,44.0
2026-03-06,2026-03-05,35,688226,44.0
2026-03-06,2026-03-05,36,688485,44.0
2026-03-06,2026-03-05,37,688689,44.0
2026-03-06,2026-03-05,38,000571,43.0
2026-03-06,2026-03-05,39,000612,43.0
2026-03-06,2026-03-05,40,000708,43.0
2026-03-06,2026-03-05,41,000933,43.0
2026-03-06,2026-03-05,42,002128,43.0
2026-03-06,2026-03-05,43,002182,43.0
2026-03-06,2026-03-05,44,002350,43.0
2026-03-06,2026-03-05,45,002378,43.0
2026-03-06,2026-03-05,46,002436,43.0
2026-03-06,2026-03-05,47,002484,43.0
2026-03-06,2026-03-05,48,002496,43.0
2026-03-06,2026-03-05,49,300165,43.0
2026-03-06,2026-03-05,50,301566,43.0
2026-03-09,2026-03-06,1,603268,53.0
2026-03-09,2026-03-06,2,300005,51.0
2026-03-09,2026-03-06,3,603391,50.0
2026-03-09,2026-03-06,4,603813,49.0
2026-03-09,2026-03-06,5,300350,48.0
2026-03-09,2026-03-06,6,688372,48.0
2026-03-09,2026-03-06,7,002028,47.0
2026-03-09,2026-03-06,8,600331,47.0
2026-03-09,2026-03-06,9,600577,47.0
2026-03-09,2026-03-06,10,001259,46.0
2026-03-09,2026-03-06,11,002963,46.0
2026-03-09,2026-03-06,12,300052,46.0
2026-03-09,2026-03-06,13,300125,46.0
2026-03-09,2026-03-06,14,301018,46.0
2026-03-09,2026-03-06,15,603308,46.0
2026-03-09,2026-03-06,16,688257,46.0
2026-03-09,2026-03-06,17,688401,46.0
2026-03-09,2026-03-06,18,000422,45.0
2026-03-09,2026-03-06,19,000831,45.0
2026-03-09,2026-03-06,20,000893,45.0
2026-03-09,2026-03-06,21,002532,45.0
2026-03-09,2026-03-06,22,002921,45.0
2026-03-09,2026-03-06,23,300189,45.0
2026-03-09,2026-03-06,24,300881,45.0
2026-03-09,2026-03-06,25,300938,45.0
2026-03-09,2026-03-06,26,301042,45.0
2026-03-09,2026-03-06,27,301273,45.0
2026-03-09,2026-03-06,28,601233,45.0
2026-03-09,2026-03-06,29,601588,45.0
2026-03-09,2026-03-06,30,688779,45.0
2026-03-09,2026-03-06,31,000816,44.0
2026-03-09,2026-03-06,32,002357,44.0
2026-03-09,2026-03-06,33,002548,44.0
2026-03-09,2026-03-06,34,002647,44.0
2026-03-09,2026-03-06,35,300243,44.0
2026-03-09,2026-03-06,36,300471,44.0
2026-03-09,2026-03-06,37,300499,44.0
2026-03-09,2026-03-06,38,300722,44.0
2026-03-09,2026-03-06,39,301323,44.0
2026-03-09,2026-03-06,40,603398,44.0
2026-03-09,2026-03-06,41,688226,44.0
2026-03-09,2026-03-06,42,688378,44.0
2026-03-09,2026-03-06,43,688669,44.0
2026-03-09,2026-03-06,44,688689,44.0
2026-03-09,2026-03-06,45,000708,43.0
2026-03-09,2026-03-06,46,000933,43.0
2026-03-09,2026-03-06,47,002270,43.0
2026-03-09,2026-03-06,48,002281,43.0
2026-03-09,2026-03-06,49,002350,43.0
2026-03-09,2026-03-06,50,002378,43.0
2026-03-10,2026-03-09,1,603268,53.0
2026-03-10,2026-03-09,2,300005,52.0
2026-03-10,2026-03-09,3,603391,50.0
2026-03-10,2026-03-09,4,603813,49.0
2026-03-10,2026-03-09,5,688372,49.0
2026-03-10,2026-03-09,6,300350,48.0
2026-03-10,2026-03-09,7,002028,47.0
2026-03-10,2026-03-09,8,300052,47.0
2026-03-10,2026-03-09,9,600331,47.0
2026-03-10,2026-03-09,10,600577,47.0
2026-03-10,2026-03-09,11,000893,46.0
2026-03-10,2026-03-09,12,001259,46.0
2026-03-10,2026-03-09,13,301018,46.0
2026-03-10,2026-03-09,14,688257,46.0
2026-03-10,2026-03-09,15,000422,45.0
2026-03-10,2026-03-09,16,300125,45.0
2026-03-10,2026-03-09,17,300881,45.0
2026-03-10,2026-03-09,18,603308,45.0
2026-03-10,2026-03-09,19,688485,45.0
2026-03-10,2026-03-09,20,688779,45.0
2026-03-10,2026-03-09,21,000831,44.0
2026-03-10,2026-03-09,22,002350,44.0
2026-03-10,2026-03-09,23,002357,44.0
2026-03-10,2026-03-09,24,002532,44.0
2026-03-10,2026-03-09,25,002921,44.0
2026-03-10,2026-03-09,26,300137,44.0
2026-03-10,2026-03-09,27,300189,44.0
2026-03-10,2026-03-09,28,300243,44.0
2026-03-10,2026-03-09,29,300471,44.0
2026-03-10,2026-03-09,30,300499,44.0
2026-03-10,2026-03-09,31,300736,44.0
2026-03-10,2026-03-09,32,300932,44.0
2026-03-10,2026-03-09,33,300938,44.0
2026-03-10,2026-03-09,34,301042,44.0
2026-03-10,2026-03-09,35,600773,44.0
2026-03-10,2026-03-09,36,688226,44.0
2026-03-10,2026-03-09,37,688328,44.0
2026-03-10,2026-03-09,38,688669,44.0
2026-03-10,2026-03-09,39,688689,44.0
2026-03-10,2026-03-09,40,688718,44.0
2026-03-10,2026-03-09,41,000708,43.0
2026-03-10,2026-03-09,42,000933,43.0
2026-03-10,2026-03-09,43,002270,43.0
2026-03-10,2026-03-09,44,002281,43.0
2026-03-10,2026-03-09,45,002298,43.0
2026-03-10,2026-03-09,46,002484,43.0
2026-03-10,2026-03-09,47,002496,43.0
2026-03-10,2026-03-09,48,003004,43.0
2026-03-10,2026-03-09,49,300283,43.0
2026-03-10,2026-03-09,50,300505,43.0
2026-03-11,2026-03-10,1,603268,54.0
2026-03-11,2026-03-10,2,300005,52.0
2026-03-11,2026-03-10,3,603391,51.0
2026-03-11,2026-03-10,4,603813,49.0
2026-03-11,2026-03-10,5,688372,49.0
2026-03-11,2026-03-10,6,300052,48.0
2026-03-11,2026-03-10,7,300350,48.0
2026-03-11,2026-03-10,8,600331,48.0
2026-03-11,2026-03-10,9,600577,48.0
2026-03-11,2026-03-10,10,001259,47.0
2026-03-11,2026-03-10,11,002446,47.0
2026-03-11,2026-03-10,12,688257,47.0
2026-03-11,2026-03-10,13,000893,46.0
2026-03-11,2026-03-10,14,002028,46.0
2026-03-11,2026-03-10,15,002963,46.0
2026-03-11,2026-03-10,16,300881,46.0
2026-03-11,2026-03-10,17,301018,46.0
2026-03-11,2026-03-10,18,688401,46.0
2026-03-11,2026-03-10,19,688779,46.0
2026-03-11,2026-03-10,20,000422,45.0
2026-03-11,2026-03-10,21,002647,45.0
2026-03-11,2026-03-10,22,002921,45.0
2026-03-11,2026-03-10,23,300125,45.0
2026-03-11,2026-03-10,24,300243,45.0
2026-03-11,2026-03-10,25,300471,45.0
2026-03-11,2026-03-10,26,300932,45.0
2026-03-11,2026-03-10,27,301273,45.0
2026-03-11,2026-03-10,28,600768,45.0
2026-03-11,2026-03-10,29,603308,45.0
2026-03-11,2026-03-10,30,688103,45.0
2026-03-11,2026-03-10,31,688328,45.0
2026-03-11,2026-03-10,32,688378,45.0
2026-03-11,2026-03-10,33,688485,45.0
2026-03-11,2026-03-10,34,688669,45.0
2026-03-11,2026-03-10,35,688718,45.0
2026-03-11,2026-03-10,36,000831,44.0
2026-03-11,2026-03-10,37,002270,44.0
2026-03-11,2026-03-10,38,002350,44.0
2026-03-11,2026-03-10,39,002357,44.0
2026-03-11,2026-03-10,40,002484,44.0
2026-03-11,2026-03-10,41,002719,44.0
2026-03-11,2026-03-10,42,003004,44.0
2026-03-11,2026-03-10,43,300137,44.0
2026-03-11,2026-03-10,44,300189,44.0
2026-03-11,2026-03-10,45,300283,44.0
2026-03-11,2026-03-10,46,300540,44.0
2026-03-11,2026-03-10,47,300672,44.0
2026-03-11,2026-03-10,48,300736,44.0
2026-03-11,2026-03-10,49,300938,44.0
2026-03-11,2026-03-10,50,301042,44.0
2026-03-12,2026-03-11,1,603268,54.0
2026-03-12,2026-03-11,2,300005,51.0
2026-03-12,2026-03-11,3,603391,51.0
2026-03-12,2026-03-11,4,603813,49.0
2026-03-12,2026-03-11,5,688372,49.0
2026-03-12,2026-03-11,6,300052,48.0
2026-03-12,2026-03-11,7,600577,48.0
2026-03-12,2026-03-11,8,000893,47.0
2026-03-12,2026-03-11,9,300350,47.0
2026-03-12,2026-03-11,10,688257,47.0
2026-03-12,2026-03-11,11,000422,46.0
2026-03-12,2026-03-11,12,002028,46.0
2026-03-12,2026-03-11,13,300881,46.0
2026-03-12,2026-03-11,14,301018,46.0
2026-03-12,2026-03-11,15,301273,46.0
2026-03-12,2026-03-11,16,688103,46.0
2026-03-12,2026-03-11,17,688378,46.0
2026-03-12,2026-03-11,18,688401,46.0
2026-03-12,2026-03-11,19,688779,46.0
2026-03-12,2026-03-11,20,002532,45.0
2026-03-12,2026-03-11,21,002963,45.0
2026-03-12,2026-03-11,22,300125,45.0
2026-03-12,2026-03-11,23,300189,45.0
2026-03-12,2026-03-11,24,300243,45.0
2026-03-12,2026-03-11,25,300471,45.0
2026-03-12,2026-03-11,26,300932,45.0
2026-03-12,2026-03-11,27,600228,45.0
2026-03-12,2026-03-11,28,600338,45.0
2026-03-12,2026-03-11,29,603308,45.0
2026-03-12,2026-03-11,30,603398,45.0
2026-03-12,2026-03-11,31,603588,45.0
2026-03-12,2026-03-11,32,605196,45.0
2026-03-12,2026-03-11,33,688328,45.0
2026-03-12,2026-03-11,34,688455,45.0
2026-03-12,2026-03-11,35,688718,45.0
2026-03-12,2026-03-11,36,000933,44.0
2026-03-12,2026-03-11,37,002270,44.0
2026-03-12,2026-03-11,38,002281,44.0
2026-03-12,2026-03-11,39,002350,44.0
2026-03-12,2026-03-11,40,002357,44.0
2026-03-12,2026-03-11,41,002484,44.0
2026-03-12,2026-03-11,42,002496,44.0
2026-03-12,2026-03-11,43,002866,44.0
2026-03-12,2026-03-11,44,002921,44.0
2026-03-12,2026-03-11,45,003004,44.0
2026-03-12,2026-03-11,46,300137,44.0
2026-03-12,2026-03-11,47,300505,44.0
2026-03-12,2026-03-11,48,300540,44.0
2026-03-12,2026-03-11,49,300843,44.0
2026-03-12,2026-03-11,50,300938,44.0
2026-03-13,2026-03-12,1,603268,53.0
2026-03-13,2026-03-12,2,603391,52.0
2026-03-13,2026-03-12,3,300005,51.0
2026-03-13,2026-03-12,4,603813,48.0
2026-03-13,2026-03-12,5,688372,48.0
2026-03-13,2026-03-12,6,000893,47.0
2026-03-13,2026-03-12,7,600577,47.0
2026-03-13,2026-03-12,8,000422,46.0
2026-03-13,2026-03-12,9,300350,46.0
2026-03-13,2026-03-12,10,301273,46.0
2026-03-13,2026-03-12,11,600228,46.0
2026-03-13,2026-03-12,12,605196,46.0
2026-03-13,2026-03-12,13,688257,46.0
2026-03-13,2026-03-12,14,688779,46.0
2026-03-13,2026-03-12,15,002496,45.0
2026-03-13,2026-03-12,16,002532,45.0
2026-03-13,2026-03-12,17,002963,45.0
2026-03-13,2026-03-12,18,300189,45.0
2026-03-13,2026-03-12,19,300243,45.0
2026-03-13,2026-03-12,20,300932,45.0
2026-03-13,2026-03-12,21,301018,45.0
2026-03-13,2026-03-12,22,301042,45.0
2026-03-13,2026-03-12,23,600338,45.0
2026-03-13,2026-03-12,24,603308,45.0
2026-03-13,2026-03-12,25,603588,45.0
2026-03-13,2026-03-12,26,688328,45.0
2026-03-13,2026-03-12,27,688378,45.0
2026-03-13,2026-03-12,28,000933,44.0
2026-03-13,2026-03-12,29,002357,44.0
2026-03-13,2026-03-12,30,300037,44.0
2026-03-13,2026-03-12,31,300125,44.0
2026-03-13,2026-03-12,32,300471,44.0
2026-03-13,2026-03-12,33,300938,44.0
2026-03-13,2026-03-12,34,301003,44.0
2026-03-13,2026-03-12,35,600259,44.0
2026-03-13,2026-03-12,36,603007,44.0
2026-03-13,2026-03-12,37,603398,44.0
2026-03-13,2026-03-12,38,688090,44.0
2026-03-13,2026-03-12,39,688718,44.0
2026-03-13,2026-03-12,40,000608,43.0
2026-03-13,2026-03-12,41,000708,43.0
2026-03-13,2026-03-12,42,002281,43.0
2026-03-13,2026-03-12,43,002298,43.0
2026-03-13,2026-03-12,44,002350,43.0
2026-03-13,2026-03-12,45,002848,43.0
2026-03-13,2026-03-12,46,002866,43.0
2026-03-13,2026-03-12,47,002921,43.0
2026-03-13,2026-03-12,48,003004,43.0
2026-03-13,2026-03-12,49,300137,43.0
2026-03-13,2026-03-12,50,300505,43.0
2026-03-16,2026-03-13,1,603268,53.0
2026-03-16,2026-03-13,2,603391,51.0
2026-03-16,2026-03-13,3,300005,50.0
2026-03-16,2026-03-13,4,688372,48.0
2026-03-16,2026-03-13,5,000893,47.0
2026-03-16,2026-03-13,6,300350,46.0
2026-03-16,2026-03-13,7,301028,46.0
2026-03-16,2026-03-13,8,600577,46.0
2026-03-16,2026-03-13,9,000422,45.0
2026-03-16,2026-03-13,10,002357,45.0
2026-03-16,2026-03-13,11,002532,45.0
2026-03-16,2026-03-13,12,300125,45.0
2026-03-16,2026-03-13,13,300189,45.0
2026-03-16,2026-03-13,14,300932,45.0
2026-03-16,2026-03-13,15,301018,45.0
2026-03-16,2026-03-13,16,301042,45.0
2026-03-16,2026-03-13,17,301273,45.0
2026-03-16,2026-03-13,18,600228,45.0
2026-03-16,2026-03-13,19,603588,45.0
2026-03-16,2026-03-13,20,605196,45.0
2026-03-16,2026-03-13,21,688257,45.0
2026-03-16,2026-03-13,22,688378,45.0
2026-03-16,2026-03-13,23,688779,45.0
2026-03-16,2026-03-13,24,000608,44.0
2026-03-16,2026-03-13,25,000933,44.0
2026-03-16,2026-03-13,26,002496,44.0
2026-03-16,2026-03-13,27,002647,44.0
2026-03-16,2026-03-13,28,002848,44.0
2026-03-16,2026-03-13,29,002963,44.0
2026-03-16,2026-03-13,30,300243,44.0
2026-03-16,2026-03-13,31,301003,44.0
2026-03-16,2026-03-13,32,600338,44.0
2026-03-16,2026-03-13,33,600773,44.0
2026-03-16,2026-03-13,34,603007,44.0
2026-03-16,2026-03-13,35,605056,44.0
2026-03-16,2026-03-13,36,688090,44.0
2026-03-16,2026-03-13,37,688328,44.0
2026-03-16,2026-03-13,38,002281,43.0
2026-03-16,2026-03-13,39,002298,43.0
2026-03-16,2026-03-13,40,002350,43.0
2026-03-16,2026-03-13,41,002866,43.0
2026-03-16,2026-03-13,42,002899,43.0
2026-03-16,2026-03-13,43,002921,43.0
2026-03-16,2026-03-13,44,300037,43.0
2026-03-16,2026-03-13,45,300137,43.0
2026-03-16,2026-03-13,46,300672,43.0
2026-03-16,2026-03-13,47,300843,43.0
2026-03-16,2026-03-13,48,300938,43.0
2026-03-16,2026-03-13,49,301010,43.0
2026-03-16,2026-03-13,50,600226,43.0
2026-03-17,2026-03-16,1,603268,53.0
2026-03-17,2026-03-16,2,603391,51.0
2026-03-17,2026-03-16,3,688372,49.0
2026-03-17,2026-03-16,4,000893,47.0
2026-03-17,2026-03-16,5,300350,47.0
2026-03-17,2026-03-16,6,300189,46.0
2026-03-17,2026-03-16,7,301018,46.0
2026-03-17,2026-03-16,8,002532,45.0
2026-03-17,2026-03-16,9,002848,45.0
2026-03-17,2026-03-16,10,300471,45.0
2026-03-17,2026-03-16,11,300932,45.0
2026-03-17,2026-03-16,12,301042,45.0
2026-03-17,2026-03-16,13,301273,45.0
2026-03-17,2026-03-16,14,603588,45.0
2026-03-17,2026-03-16,15,688257,45.0
2026-03-17,2026-03-16,16,688779,45.0
2026-03-17,2026-03-16,17,000422,44.0
2026-03-17,2026-03-16,18,000933,44.0
2026-03-17,2026-03-16,19,002496,44.0
2026-03-17,2026-03-16,20,002647,44.0
2026-03-17,2026-03-16,21,002866,44.0
2026-03-17,2026-03-16,22,002963,44.0
2026-03-17,2026-03-16,23,300125,44.0
2026-03-17,2026-03-16,24,300243,44.0
2026-03-17,2026-03-16,25,300938,44.0
2026-03-17,2026-03-16,26,301003,44.0
2026-03-17,2026-03-16,27,600773,44.0
2026-03-17,2026-03-16,28,603007,44.0
2026-03-17,2026-03-16,29,605056,44.0
2026-03-17,2026-03-16,30,605196,44.0
2026-03-17,2026-03-16,31,688367,44.0
2026-03-17,2026-03-16,32,000608,43.0
2026-03-17,2026-03-16,33,002281,43.0
2026-03-17,2026-03-16,34,002298,43.0
2026-03-17,2026-03-16,35,002350,43.0
2026-03-17,2026-03-16,36,002899,43.0
2026-03-17,2026-03-16,37,002921,43.0
2026-03-17,2026-03-16,38,003004,43.0
2026-03-17,2026-03-16,39,300037,43.0
2026-03-17,2026-03-16,40,300137,43.0
2026-03-17,2026-03-16,41,300462,43.0
2026-03-17,2026-03-16,42,300499,43.0
2026-03-17,2026-03-16,43,300672,43.0
2026-03-17,2026-03-16,44,300736,43.0
2026-03-17,2026-03-16,45,301010,43.0
2026-03-17,2026-03-16,46,301070,43.0
2026-03-17,2026-03-16,47,603196,43.0
2026-03-17,2026-03-16,48,603261,43.0
2026-03-17,2026-03-16,49,603290,43.0
2026-03-17,2026-03-16,50,603398,43.0
2026-03-18,2026-03-17,1,603268,53.0
2026-03-18,2026-03-17,2,000893,47.0
2026-03-18,2026-03-17,3,300350,47.0
2026-03-18,2026-03-17,4,300189,45.0
2026-03-18,2026-03-17,5,301042,45.0
2026-03-18,2026-03-17,6,600773,45.0
2026-03-18,2026-03-17,7,603588,45.0
2026-03-18,2026-03-17,8,688257,45.0
2026-03-18,2026-03-17,9,688779,45.0
2026-03-18,2026-03-17,10,000422,44.0
2026-03-18,2026-03-17,11,002496,44.0
2026-03-18,2026-03-17,12,002848,44.0
2026-03-18,2026-03-17,13,002866,44.0
2026-03-18,2026-03-17,14,300125,44.0
2026-03-18,2026-03-17,15,300243,44.0
2026-03-18,2026-03-17,16,300938,44.0
2026-03-18,2026-03-17,17,301003,44.0
2026-03-18,2026-03-17,18,603007,44.0
2026-03-18,2026-03-17,19,002350,43.0
2026-03-18,2026-03-17,20,003004,43.0
2026-03-18,2026-03-17,21,300037,43.0
2026-03-18,2026-03-17,22,300505,43.0
2026-03-18,2026-03-17,23,300736,43.0
2026-03-18,2026-03-17,24,301070,43.0
2026-03-18,2026-03-17,25,603290,43.0
2026-03-18,2026-03-17,26,603398,43.0
2026-03-18,2026-03-17,27,603527,43.0
2026-03-18,2026-03-17,28,603829,43.0
2026-03-18,2026-03-17,29,688328,43.0
2026-03-18,2026-03-17,30,688689,43.0
2026-03-18,2026-03-17,31,000608,42.0
2026-03-18,2026-03-17,32,002213,42.0
2026-03-18,2026-03-17,33,002281,42.0
2026-03-18,2026-03-17,34,002298,42.0
2026-03-18,2026-03-17,35,002719,42.0
2026-03-18,2026-03-17,36,300137,42.0
2026-03-18,2026-03-17,37,300343,42.0
2026-03-18,2026-03-17,38,300462,42.0
2026-03-18,2026-03-17,39,300499,42.0
2026-03-18,2026-03-17,40,300672,42.0
2026-03-18,2026-03-17,41,300763,42.0
2026-03-18,2026-03-17,42,301010,42.0
2026-03-18,2026-03-17,43,301278,42.0
2026-03-18,2026-03-17,44,301555,42.0
2026-03-18,2026-03-17,45,600525,42.0
2026-03-18,2026-03-17,46,601588,42.0
2026-03-18,2026-03-17,47,603196,42.0
2026-03-18,2026-03-17,48,603261,42.0
2026-03-18,2026-03-17,49,688125,42.0
2026-03-18,2026-03-17,50,688347,42.0
2026-03-19,2026-03-18,1,603268,54.0
2026-03-19,2026-03-18,2,603391,52.0
2026-03-19,2026-03-18,3,688372,49.0
2026-03-19,2026-03-18,4,000893,47.0
2026-03-19,2026-03-18,5,002028,47.0
2026-03-19,2026-03-18,6,300350,46.0
2026-03-19,2026-03-18,7,301042,46.0
2026-03-19,2026-03-18,8,688257,46.0
2026-03-19,2026-03-18,9,002496,45.0
2026-03-19,2026-03-18,10,002848,45.0
2026-03-19,2026-03-18,11,002866,45.0
2026-03-19,2026-03-18,12,300932,45.0
2026-03-19,2026-03-18,13,300938,45.0
2026-03-19,2026-03-18,14,301273,45.0
2026-03-19,2026-03-18,15,600768,45.0
2026-03-19,2026-03-18,16,600773,45.0
2026-03-19,2026-03-18,17,603007,45.0
2026-03-19,2026-03-18,18,603588,45.0
2026-03-19,2026-03-18,19,603829,44.0
2026-03-19,2026-03-18,20,688367,44.0
2026-03-19,2026-03-18,21,688669,44.0
2026-03-19,2026-03-18,22,002281,43.0
2026-03-19,2026-03-18,23,002350,43.0
2026-03-19,2026-03-18,24,002719,43.0
2026-03-19,2026-03-18,25,002899,43.0
2026-03-19,2026-03-18,26,300137,43.0
2026-03-19,2026-03-18,27,300243,43.0
2026-03-19,2026-03-18,28,300343,43.0
2026-03-19,2026-03-18,29,300505,43.0
2026-03-19,2026-03-18,30,300763,43.0
2026-03-19,2026-03-18,31,301003,43.0
2026-03-19,2026-03-18,32,301010,43.0
2026-03-19,2026-03-18,33,301070,43.0
2026-03-19,2026-03-18,34,301168,43.0
2026-03-19,2026-03-18,35,600201,43.0
2026-03-19,2026-03-18,36,603290,43.0
2026-03-19,2026-03-18,37,603398,43.0
2026-03-19,2026-03-18,38,603527,43.0
2026-03-19,2026-03-18,39,605056,43.0
2026-03-19,2026-03-18,40,688689,43.0
2026-03-19,2026-03-18,41,000608,42.0
2026-03-19,2026-03-18,42,002213,42.0
2026-03-19,2026-03-18,43,002298,42.0
2026-03-19,2026-03-18,44,002921,42.0
2026-03-19,2026-03-18,45,003004,42.0
2026-03-19,2026-03-18,46,300352,42.0
2026-03-19,2026-03-18,47,300462,42.0
2026-03-19,2026-03-18,48,300889,42.0
2026-03-19,2026-03-18,49,301157,42.0
2026-03-19,2026-03-18,50,301278,42.0
2026-03-20,2026-03-19,1,603268,54.0
2026-03-20,2026-03-19,2,600302,46.0
2026-03-20,2026-03-19,3,002496,45.0
2026-03-20,2026-03-19,4,002848,45.0
2026-03-20,2026-03-19,5,300938,45.0
2026-03-20,2026-03-19,6,301042,45.0
2026-03-20,2026-03-19,7,600773,45.0
2026-03-20,2026-03-19,8,603588,45.0
2026-03-20,2026-03-19,9,002866,44.0
2026-03-20,2026-03-19,10,300763,44.0
2026-03-20,2026-03-19,11,301070,44.0
2026-03-20,2026-03-19,12,688367,44.0
2026-03-20,2026-03-19,13,002350,43.0
2026-03-20,2026-03-19,14,002899,43.0
2026-03-20,2026-03-19,15,300137,43.0
2026-03-20,2026-03-19,16,300243,43.0
2026-03-20,2026-03-19,17,301003,43.0
2026-03-20,2026-03-19,18,301010,43.0
2026-03-20,2026-03-19,19,603290,43.0
2026-03-20,2026-03-19,20,603398,43.0
2026-03-20,2026-03-19,21,603829,43.0
2026-03-20,2026-03-19,22,000608,42.0
2026-03-20,2026-03-19,23,002281,42.0
2026-03-20,2026-03-19,24,003004,42.0
2026-03-20,2026-03-19,25,300462,42.0
2026-03-20,2026-03-19,26,300720,42.0
2026-03-20,2026-03-19,27,600525,42.0
2026-03-20,2026-03-19,28,603112,42.0
2026-03-20,2026-03-19,29,603261,42.0
2026-03-20,2026-03-19,30,603527,42.0
2026-03-20,2026-03-19,31,688328,42.0
2026-03-20,2026-03-19,32,688345,42.0
2026-03-20,2026-03-19,33,688678,42.0
2026-03-20,2026-03-19,34,688689,42.0
2026-03-20,2026-03-19,35,000555,41.0
2026-03-20,2026-03-19,36,001339,41.0
2026-03-20,2026-03-19,37,002213,41.0
2026-03-20,2026-03-19,38,002298,41.0
2026-03-20,2026-03-19,39,002620,41.0
2026-03-20,2026-03-19,40,300093,41.0
2026-03-20,2026-03-19,41,300342,41.0
2026-03-20,2026-03-19,42,300419,41.0
2026-03-20,2026-03-19,43,300499,41.0
2026-03-20,2026-03-19,44,301105,41.0
2026-03-20,2026-03-19,45,301157,41.0
2026-03-20,2026-03-19,46,301456,41.0
2026-03-20,2026-03-19,47,600989,41.0
2026-03-20,2026-03-19,48,601179,41.0
2026-03-20,2026-03-19,49,603196,41.0
2026-03-20,2026-03-19,50,603986,41.0
2026-03-23,2026-03-20,1,603268,54.0
2026-03-23,2026-03-20,2,002496,45.0
2026-03-23,2026-03-20,3,002848,45.0
2026-03-23,2026-03-20,4,600773,45.0
2026-03-23,2026-03-20,5,603588,45.0
2026-03-23,2026-03-20,6,002350,44.0
2026-03-23,2026-03-20,7,002866,44.0
2026-03-23,2026-03-20,8,300243,44.0
2026-03-23,2026-03-20,9,301042,44.0
2026-03-23,2026-03-20,10,301070,44.0
2026-03-23,2026-03-20,11,603398,44.0
2026-03-23,2026-03-20,12,688367,44.0
2026-03-23,2026-03-20,13,300037,43.0
2026-03-23,2026-03-20,14,300137,43.0
2026-03-23,2026-03-20,15,300720,43.0
2026-03-23,2026-03-20,16,300763,43.0
2026-03-23,2026-03-20,17,301010,43.0
2026-03-23,2026-03-20,18,603290,43.0
2026-03-23,2026-03-20,19,603829,43.0
2026-03-23,2026-03-20,20,688345,43.0
2026-03-23,2026-03-20,21,000608,42.0
2026-03-23,2026-03-20,22,002281,42.0
2026-03-23,2026-03-20,23,003004,42.0
2026-03-23,2026-03-20,24,300462,42.0
2026-03-23,2026-03-20,25,688328,42.0
2026-03-23,2026-03-20,26,688655,42.0
2026-03-23,2026-03-20,27,688689,42.0
2026-03-23,2026-03-20,28,001339,41.0
2026-03-23,2026-03-20,29,002213,41.0
2026-03-23,2026-03-20,30,002298,41.0
2026-03-23,2026-03-20,31,300093,41.0
2026-03-23,2026-03-20,32,300342,41.0
2026-03-23,2026-03-20,33,300419,41.0
2026-03-23,2026-03-20,34,300499,41.0
2026-03-23,2026-03-20,35,300672,41.0
2026-03-23,2026-03-20,36,300936,41.0
2026-03-23,2026-03-20,37,301157,41.0
2026-03-23,2026-03-20,38,600989,41.0
2026-03-23,2026-03-20,39,688127,41.0
2026-03-23,2026-03-20,40,688226,41.0
2026-03-23,2026-03-20,41,688308,41.0
2026-03-23,2026-03-20,42,688678,41.0
2026-03-23,2026-03-20,43,000007,40.0
2026-03-23,2026-03-20,44,002487,40.0
2026-03-23,2026-03-20,45,002565,40.0
2026-03-23,2026-03-20,46,002569,40.0
2026-03-23,2026-03-20,47,002620,40.0
2026-03-23,2026-03-20,48,002789,40.0
2026-03-23,2026-03-20,49,002800,40.0
2026-03-23,2026-03-20,50,300302,40.0
2026-03-24,2026-03-23,1,600773,46.0
2026-03-24,2026-03-23,2,002848,45.0
2026-03-24,2026-03-23,3,002350,44.0
2026-03-24,2026-03-23,4,301070,44.0
2026-03-24,2026-03-23,5,300137,43.0
2026-03-24,2026-03-23,6,300243,43.0
2026-03-24,2026-03-23,7,300720,43.0
2026-03-24,2026-03-23,8,300763,43.0
2026-03-24,2026-03-23,9,301168,43.0
2026-03-24,2026-03-23,10,603290,43.0
2026-03-24,2026-03-23,11,603398,43.0
2026-03-24,2026-03-23,12,300462,42.0
2026-03-24,2026-03-23,13,688345,42.0
2026-03-24,2026-03-23,14,000608,41.0
2026-03-24,2026-03-23,15,002213,41.0
2026-03-24,2026-03-23,16,300342,41.0
2026-03-24,2026-03-23,17,600989,41.0
2026-03-24,2026-03-23,18,688127,41.0
2026-03-24,2026-03-23,19,688655,41.0
2026-03-24,2026-03-23,20,002298,40.0
2026-03-24,2026-03-23,21,002487,40.0
2026-03-24,2026-03-23,22,002565,40.0
2026-03-24,2026-03-23,23,002620,40.0
2026-03-24,2026-03-23,24,002789,40.0
2026-03-24,2026-03-23,25,300093,40.0
2026-03-24,2026-03-23,26,300302,40.0
2026-03-24,2026-03-23,27,300672,40.0
2026-03-24,2026-03-23,28,300936,40.0
2026-03-24,2026-03-23,29,600468,40.0
2026-03-24,2026-03-23,30,600758,40.0
2026-03-24,2026-03-23,31,600995,40.0
2026-03-24,2026-03-23,32,603557,40.0
2026-03-24,2026-03-23,33,605117,40.0
2026-03-24,2026-03-23,34,688266,40.0
2026-03-24,2026-03-23,35,688331,40.0
2026-03-24,2026-03-23,36,688519,40.0
2026-03-24,2026-03-23,37,688678,40.0
2026-03-24,2026-03-23,38,000973,39.0
2026-03-24,2026-03-23,39,002047,39.0
2026-03-24,2026-03-23,40,002575,39.0
2026-03-24,2026-03-23,41,002733,39.0
2026-03-24,2026-03-23,42,300207,39.0
2026-03-24,2026-03-23,43,300895,39.0
2026-03-24,2026-03-23,44,301128,39.0
2026-03-24,2026-03-23,45,301306,39.0
2026-03-24,2026-03-23,46,600563,39.0
2026-03-24,2026-03-23,47,601898,39.0
2026-03-24,2026-03-23,48,688063,39.0
2026-03-24,2026-03-23,49,688268,39.0
2026-03-24,2026-03-23,50,688272,39.0
2026-03-25,2026-03-24,1,603268,54.0
2026-03-25,2026-03-24,2,002848,46.0
2026-03-25,2026-03-24,3,600773,46.0
2026-03-25,2026-03-24,4,300243,44.0
2026-03-25,2026-03-24,5,300720,44.0
2026-03-25,2026-03-24,6,301042,44.0
2026-03-25,2026-03-24,7,301070,44.0
2026-03-25,2026-03-24,8,301168,44.0
2026-03-25,2026-03-24,9,603398,44.0
2026-03-25,2026-03-24,10,002350,43.0
2026-03-25,2026-03-24,11,002866,43.0
2026-03-25,2026-03-24,12,300137,43.0
2026-03-25,2026-03-24,13,300763,43.0
2026-03-25,2026-03-24,14,300938,43.0
2026-03-25,2026-03-24,15,603261,43.0
2026-03-25,2026-03-24,16,688367,43.0
2026-03-25,2026-03-24,17,688485,43.0
2026-03-25,2026-03-24,18,002213,42.0
2026-03-25,2026-03-24,19,003004,42.0
2026-03-25,2026-03-24,20,300419,42.0
2026-03-25,2026-03-24,21,688226,42.0
2026-03-25,2026-03-24,22,688345,42.0
2026-03-25,2026-03-24,23,000007,41.0
2026-03-25,2026-03-24,24,000608,41.0
2026-03-25,2026-03-24,25,002298,41.0
2026-03-25,2026-03-24,26,002620,41.0
2026-03-25,2026-03-24,27,002789,41.0
2026-03-25,2026-03-24,28,300093,41.0
2026-03-25,2026-03-24,29,300342,41.0
2026-03-25,2026-03-24,30,300936,41.0
2026-03-25,2026-03-24,31,301157,41.0
2026-03-25,2026-03-24,32,600468,41.0
2026-03-25,2026-03-24,33,600989,41.0
2026-03-25,2026-03-24,34,603557,41.0
2026-03-25,2026-03-24,35,688127,41.0
2026-03-25,2026-03-24,36,688331,41.0
2026-03-25,2026-03-24,37,688655,41.0
2026-03-25,2026-03-24,38,002192,40.0
2026-03-25,2026-03-24,39,002565,40.0
2026-03-25,2026-03-24,40,002733,40.0
2026-03-25,2026-03-24,41,300184,40.0
2026-03-25,2026-03-24,42,300672,40.0
2026-03-25,2026-03-24,43,301105,40.0
2026-03-25,2026-03-24,44,301133,40.0
2026-03-25,2026-03-24,45,301196,40.0
2026-03-25,2026-03-24,46,600758,40.0
2026-03-25,2026-03-24,47,600995,40.0
2026-03-25,2026-03-24,48,603196,40.0
2026-03-25,2026-03-24,49,605117,40.0
2026-03-25,2026-03-24,50,688266,40.0
2026-03-26,2026-03-25,1,603268,54.0
2026-03-26,2026-03-25,2,002848,47.0
2026-03-26,2026-03-25,3,600773,46.0
2026-03-26,2026-03-25,4,300243,45.0
2026-03-26,2026-03-25,5,301003,45.0
2026-03-26,2026-03-25,6,301042,45.0
2026-03-26,2026-03-25,7,002866,44.0
2026-03-26,2026-03-25,8,300137,44.0
2026-03-26,2026-03-25,9,300720,44.0
2026-03-26,2026-03-25,10,300763,44.0
2026-03-26,2026-03-25,11,301070,44.0
2026-03-26,2026-03-25,12,600593,44.0
2026-03-26,2026-03-25,13,603261,44.0
2026-03-26,2026-03-25,14,603588,44.0
2026-03-26,2026-03-25,15,603829,44.0
2026-03-26,2026-03-25,16,688485,44.0
2026-03-26,2026-03-25,17,000703,43.0
2026-03-26,2026-03-25,18,002350,43.0
2026-03-26,2026-03-25,19,003004,43.0
2026-03-26,2026-03-25,20,300037,43.0
2026-03-26,2026-03-25,21,300462,43.0
2026-03-26,2026-03-25,22,300889,43.0
2026-03-26,2026-03-25,23,300938,43.0
2026-03-26,2026-03-25,24,301168,43.0
2026-03-26,2026-03-25,25,603398,43.0
2026-03-26,2026-03-25,26,605056,43.0
2026-03-26,2026-03-25,27,000608,42.0
2026-03-26,2026-03-25,28,002213,42.0
2026-03-26,2026-03-25,29,002298,42.0
2026-03-26,2026-03-25,30,002789,42.0
2026-03-26,2026-03-25,31,300342,42.0
2026-03-26,2026-03-25,32,300419,42.0
2026-03-26,2026-03-25,33,600468,42.0
2026-03-26,2026-03-25,34,688345,42.0
2026-03-26,2026-03-25,35,688367,42.0
2026-03-26,2026-03-25,36,688376,42.0
2026-03-26,2026-03-25,37,688655,42.0
2026-03-26,2026-03-25,38,002281,41.0
2026-03-26,2026-03-25,39,002466,41.0
2026-03-26,2026-03-25,40,002620,41.0
2026-03-26,2026-03-25,41,300097,41.0
2026-03-26,2026-03-25,42,300184,41.0
2026-03-26,2026-03-25,43,300936,41.0
2026-03-26,2026-03-25,44,301105,41.0
2026-03-26,2026-03-25,45,301133,41.0
2026-03-26,2026-03-25,46,301157,41.0
2026-03-26,2026-03-25,47,600989,41.0
2026-03-26,2026-03-25,48,600995,41.0
2026-03-26,2026-03-25,49,603557,41.0
2026-03-26,2026-03-25,50,603759,41.0
2026-03-27,2026-03-26,1,300005,51.0
2026-03-27,2026-03-26,2,002848,47.0
2026-03-27,2026-03-26,3,301003,46.0
2026-03-27,2026-03-26,4,002866,45.0
2026-03-27,2026-03-26,5,301042,45.0
2026-03-27,2026-03-26,6,600773,45.0
2026-03-27,2026-03-26,7,002350,44.0
2026-03-27,2026-03-26,8,300037,44.0
2026-03-27,2026-03-26,9,300137,44.0
2026-03-27,2026-03-26,10,300720,44.0
2026-03-27,2026-03-26,11,301070,44.0
2026-03-27,2026-03-26,12,600593,44.0
2026-03-27,2026-03-26,13,603007,44.0
2026-03-27,2026-03-26,14,603588,44.0
2026-03-27,2026-03-26,15,603829,44.0
2026-03-27,2026-03-26,16,688485,44.0
2026-03-27,2026-03-26,17,000608,43.0
2026-03-27,2026-03-26,18,002789,43.0
2026-03-27,2026-03-26,19,003004,43.0
2026-03-27,2026-03-26,20,300342,43.0
2026-03-27,2026-03-26,21,300736,43.0
2026-03-27,2026-03-26,22,300763,43.0
2026-03-27,2026-03-26,23,300889,43.0
2026-03-27,2026-03-26,24,300938,43.0
2026-03-27,2026-03-26,25,603261,43.0
2026-03-27,2026-03-26,26,603290,43.0
2026-03-27,2026-03-26,27,605056,43.0
2026-03-27,2026-03-26,28,688345,43.0
2026-03-27,2026-03-26,29,000703,42.0
2026-03-27,2026-03-26,30,002213,42.0
2026-03-27,2026-03-26,31,002298,42.0
2026-03-27,2026-03-26,32,300419,42.0
2026-03-27,2026-03-26,33,301168,42.0
2026-03-27,2026-03-26,34,600468,42.0
2026-03-27,2026-03-26,35,603398,42.0
2026-03-27,2026-03-26,36,688655,42.0
2026-03-27,2026-03-26,37,000595,41.0
2026-03-27,2026-03-26,38,002281,41.0
2026-03-27,2026-03-26,39,002460,41.0
2026-03-27,2026-03-26,40,002466,41.0
2026-03-27,2026-03-26,41,002620,41.0
2026-03-27,2026-03-26,42,300097,41.0
2026-03-27,2026-03-26,43,300936,41.0
2026-03-27,2026-03-26,44,301105,41.0
2026-03-27,2026-03-26,45,301157,41.0
2026-03-27,2026-03-26,46,301196,41.0
2026-03-27,2026-03-26,47,301571,41.0
2026-03-27,2026-03-26,48,603557,41.0
2026-03-27,2026-03-26,49,688127,41.0
2026-03-27,2026-03-26,50,688226,41.0
2026-03-30,2026-03-27,1,300005,51.0
2026-03-30,2026-03-27,2,000893,48.0
2026-03-30,2026-03-27,3,002848,47.0
2026-03-30,2026-03-27,4,002497,46.0
2026-03-30,2026-03-27,5,300125,46.0
2026-03-30,2026-03-27,6,300243,46.0
2026-03-30,2026-03-27,7,301003,46.0
2026-03-30,2026-03-27,8,688455,46.0
2026-03-30,2026-03-27,9,002866,45.0
2026-03-30,2026-03-27,10,300037,45.0
2026-03-30,2026-03-27,11,600773,45.0
2026-03-30,2026-03-27,12,603588,45.0
2026-03-30,2026-03-27,13,688778,45.0
2026-03-30,2026-03-27,14,002350,44.0
2026-03-30,2026-03-27,15,300736,44.0
2026-03-30,2026-03-27,16,301042,44.0
2026-03-30,2026-03-27,17,301070,44.0
2026-03-30,2026-03-27,18,600593,44.0
2026-03-30,2026-03-27,19,603261,44.0
2026-03-30,2026-03-27,20,603829,44.0
2026-03-30,2026-03-27,21,688485,44.0
2026-03-30,2026-03-27,22,000608,43.0
2026-03-30,2026-03-27,23,002213,43.0
2026-03-30,2026-03-27,24,003004,43.0
2026-03-30,2026-03-27,25,300137,43.0
2026-03-30,2026-03-27,26,300720,43.0
2026-03-30,2026-03-27,27,300763,43.0
2026-03-30,2026-03-27,28,300889,43.0
2026-03-30,2026-03-27,29,300938,43.0
2026-03-30,2026-03-27,30,301086,43.0
2026-03-30,2026-03-27,31,301323,43.0
2026-03-30,2026-03-27,32,600338,43.0
2026-03-30,2026-03-27,33,603290,43.0
2026-03-30,2026-03-27,34,605058,43.0
2026-03-30,2026-03-27,35,688345,43.0
2026-03-30,2026-03-27,36,000703,42.0
2026-03-30,2026-03-27,37,001317,42.0
2026-03-30,2026-03-27,38,002466,42.0
2026-03-30,2026-03-27,39,002789,42.0
2026-03-30,2026-03-27,40,300097,42.0
2026-03-30,2026-03-27,41,300342,42.0
2026-03-30,2026-03-27,42,301105,42.0
2026-03-30,2026-03-27,43,600268,42.0
2026-03-30,2026-03-27,44,603398,42.0
2026-03-30,2026-03-27,45,000595,41.0
2026-03-30,2026-03-27,46,002460,41.0
2026-03-30,2026-03-27,47,002575,41.0
2026-03-30,2026-03-27,48,002620,41.0
2026-03-30,2026-03-27,49,002709,41.0
2026-03-30,2026-03-27,50,002808,41.0
2026-03-31,2026-03-30,1,300005,52.0
2026-03-31,2026-03-30,2,000893,48.0
2026-03-31,2026-03-30,3,600768,48.0
2026-03-31,2026-03-30,4,002848,47.0
2026-03-31,2026-03-30,5,300125,47.0
2026-03-31,2026-03-30,6,002866,46.0
2026-03-31,2026-03-30,7,301003,46.0
2026-03-31,2026-03-30,8,603588,46.0
2026-03-31,2026-03-30,9,688455,46.0
2026-03-31,2026-03-30,10,300037,45.0
2026-03-31,2026-03-30,11,301042,45.0
2026-03-31,2026-03-30,12,600773,45.0
2026-03-31,2026-03-30,13,603261,45.0
2026-03-31,2026-03-30,14,603527,45.0
2026-03-31,2026-03-30,15,000608,44.0
2026-03-31,2026-03-30,16,002350,44.0
2026-03-31,2026-03-30,17,002418,44.0
2026-03-31,2026-03-30,18,300137,44.0
2026-03-31,2026-03-30,19,300736,44.0
2026-03-31,2026-03-30,20,300938,44.0
2026-03-31,2026-03-30,21,301070,44.0
2026-03-31,2026-03-30,22,600338,44.0
2026-03-31,2026-03-30,23,603308,44.0
2026-03-31,2026-03-30,24,603829,44.0
2026-03-31,2026-03-30,25,688257,44.0
2026-03-31,2026-03-30,26,688485,44.0
2026-03-31,2026-03-30,27,002213,43.0
2026-03-31,2026-03-30,28,002532,43.0
2026-03-31,2026-03-30,29,300640,43.0
2026-03-31,2026-03-30,30,300720,43.0
2026-03-31,2026-03-30,31,301086,43.0
2026-03-31,2026-03-30,32,301323,43.0
2026-03-31,2026-03-30,33,603290,43.0
2026-03-31,2026-03-30,34,603398,43.0
2026-03-31,2026-03-30,35,605058,43.0
2026-03-31,2026-03-30,36,605100,43.0
2026-03-31,2026-03-30,37,688345,43.0
2026-03-31,2026-03-30,38,688450,43.0
2026-03-31,2026-03-30,39,000668,42.0
2026-03-31,2026-03-30,40,000703,42.0
2026-03-31,2026-03-30,41,001317,42.0
2026-03-31,2026-03-30,42,002466,42.0
2026-03-31,2026-03-30,43,002789,42.0
2026-03-31,2026-03-30,44,002808,42.0
2026-03-31,2026-03-30,45,002895,42.0
2026-03-31,2026-03-30,46,300097,42.0
2026-03-31,2026-03-30,47,300342,42.0
2026-03-31,2026-03-30,48,300763,42.0
2026-03-31,2026-03-30,49,300807,42.0
2026-03-31,2026-03-30,50,300854,42.0
2026-04-01,2026-03-31,1,300005,52.0
2026-04-01,2026-03-31,2,002848,47.0
2026-04-01,2026-03-31,3,600768,47.0
2026-04-01,2026-03-31,4,300125,46.0
2026-04-01,2026-03-31,5,301003,46.0
2026-04-01,2026-03-31,6,603261,46.0
2026-04-01,2026-03-31,7,002866,45.0
2026-04-01,2026-03-31,8,603588,45.0
2026-04-01,2026-03-31,9,688455,45.0
2026-04-01,2026-03-31,10,002418,44.0
2026-04-01,2026-03-31,11,301042,44.0
2026-04-01,2026-03-31,12,600773,44.0
2026-04-01,2026-03-31,13,603829,44.0
2026-04-01,2026-03-31,14,000608,43.0
2026-04-01,2026-03-31,15,002937,43.0
2026-04-01,2026-03-31,16,300736,43.0
2026-04-01,2026-03-31,17,301086,43.0
2026-04-01,2026-03-31,18,603398,43.0
2026-04-01,2026-03-31,19,000668,42.0
2026-04-01,2026-03-31,20,000703,42.0
2026-04-01,2026-03-31,21,002213,42.0
2026-04-01,2026-03-31,22,002532,42.0
2026-04-01,2026-03-31,23,300720,42.0
2026-04-01,2026-03-31,24,300780,42.0
2026-04-01,2026-03-31,25,300854,42.0
2026-04-01,2026-03-31,26,301323,42.0
2026-04-01,2026-03-31,27,600268,42.0
2026-04-01,2026-03-31,28,600522,42.0
2026-04-01,2026-03-31,29,605058,42.0
2026-04-01,2026-03-31,30,688450,42.0
2026-04-01,2026-03-31,31,002281,41.0
2026-04-01,2026-03-31,32,002466,41.0
2026-04-01,2026-03-31,33,002565,41.0
2026-04-01,2026-03-31,34,002569,41.0
2026-04-01,2026-03-31,35,002575,41.0
2026-04-01,2026-03-31,36,002620,41.0
2026-04-01,2026-03-31,37,002738,41.0
2026-04-01,2026-03-31,38,002789,41.0
2026-04-01,2026-03-31,39,002800,41.0
2026-04-01,2026-03-31,40,002808,41.0
2026-04-01,2026-03-31,41,002956,41.0
2026-04-01,2026-03-31,42,300342,41.0
2026-04-01,2026-03-31,43,300895,41.0
2026-04-01,2026-03-31,44,300936,41.0
2026-04-01,2026-03-31,45,301105,41.0
2026-04-01,2026-03-31,46,301157,41.0
2026-04-01,2026-03-31,47,301200,41.0
2026-04-01,2026-03-31,48,600207,41.0
2026-04-01,2026-03-31,49,603301,41.0
2026-04-01,2026-03-31,50,603389,41.0
2026-04-02,2026-04-01,1,300005,52.0
2026-04-02,2026-04-01,2,002848,47.0
2026-04-02,2026-04-01,3,600768,47.0
2026-04-02,2026-04-01,4,001359,46.0
2026-04-02,2026-04-01,5,300125,46.0
2026-04-02,2026-04-01,6,600201,46.0
2026-04-02,2026-04-01,7,603261,46.0
2026-04-02,2026-04-01,8,688455,46.0
2026-04-02,2026-04-01,9,002866,45.0
2026-04-02,2026-04-01,10,301003,45.0
2026-04-02,2026-04-01,11,301042,45.0
2026-04-02,2026-04-01,12,603588,45.0
2026-04-02,2026-04-01,13,002418,44.0
2026-04-02,2026-04-01,14,300037,44.0
2026-04-02,2026-04-01,15,301070,44.0
2026-04-02,2026-04-01,16,301086,44.0
2026-04-02,2026-04-01,17,600773,44.0
2026-04-02,2026-04-01,18,603829,44.0
2026-04-02,2026-04-01,19,000608,43.0
2026-04-02,2026-04-01,20,000703,43.0
2026-04-02,2026-04-01,21,001317,43.0
2026-04-02,2026-04-01,22,002937,43.0
2026-04-02,2026-04-01,23,300462,43.0
2026-04-02,2026-04-01,24,300843,43.0
2026-04-02,2026-04-01,25,301421,43.0
2026-04-02,2026-04-01,26,600268,43.0
2026-04-02,2026-04-01,27,600593,43.0
2026-04-02,2026-04-01,28,603308,43.0
2026-04-02,2026-04-01,29,605058,43.0
2026-04-02,2026-04-01,30,000668,42.0
2026-04-02,2026-04-01,31,002135,42.0
2026-04-02,2026-04-01,32,002213,42.0
2026-04-02,2026-04-01,33,002575,42.0
2026-04-02,2026-04-01,34,300342,42.0
2026-04-02,2026-04-01,35,300720,42.0
2026-04-02,2026-04-01,36,300854,42.0
2026-04-02,2026-04-01,37,300895,42.0
2026-04-02,2026-04-01,38,301105,42.0
2026-04-02,2026-04-01,39,301323,42.0
2026-04-02,2026-04-01,40,600207,42.0
2026-04-02,2026-04-01,41,600522,42.0
2026-04-02,2026-04-01,42,600977,42.0
2026-04-02,2026-04-01,43,603124,42.0
2026-04-02,2026-04-01,44,603398,42.0
2026-04-02,2026-04-01,45,605100,42.0
2026-04-02,2026-04-01,46,688011,42.0
2026-04-02,2026-04-01,47,688376,42.0
2026-04-02,2026-04-01,48,688401,42.0
2026-04-02,2026-04-01,49,688450,42.0
2026-04-02,2026-04-01,50,002281,41.0
2026-04-03,2026-04-02,1,300005,52.0
2026-04-03,2026-04-02,2,605196,47.0
2026-04-03,2026-04-02,3,002848,46.0
2026-04-03,2026-04-02,4,600201,46.0
2026-04-03,2026-04-02,5,603261,46.0
2026-04-03,2026-04-02,6,688455,46.0
2026-04-03,2026-04-02,7,002866,45.0
2026-04-03,2026-04-02,8,301003,45.0
2026-04-03,2026-04-02,9,301042,45.0
2026-04-03,2026-04-02,10,600773,45.0
2026-04-03,2026-04-02,11,603588,45.0
2026-04-03,2026-04-02,12,300736,44.0
2026-04-03,2026-04-02,13,301086,44.0
2026-04-03,2026-04-02,14,600338,44.0
2026-04-03,2026-04-02,15,603829,44.0
2026-04-03,2026-04-02,16,688485,44.0
2026-04-03,2026-04-02,17,001317,43.0
2026-04-03,2026-04-02,18,002937,43.0
2026-04-03,2026-04-02,19,300342,43.0
2026-04-03,2026-04-02,20,301070,43.0
2026-04-03,2026-04-02,21,301421,43.0
2026-04-03,2026-04-02,22,603308,43.0
2026-04-03,2026-04-02,23,605058,43.0
2026-04-03,2026-04-02,24,605365,43.0
2026-04-03,2026-04-02,25,000608,42.0
2026-04-03,2026-04-02,26,000668,42.0
2026-04-03,2026-04-02,27,000703,42.0
2026-04-03,2026-04-02,28,002213,42.0
2026-04-03,2026-04-02,29,300667,42.0
2026-04-03,2026-04-02,30,300720,42.0
2026-04-03,2026-04-02,31,300895,42.0
2026-04-03,2026-04-02,32,301105,42.0
2026-04-03,2026-04-02,33,301323,42.0
2026-04-03,2026-04-02,34,600207,42.0
2026-04-03,2026-04-02,35,600268,42.0
2026-04-03,2026-04-02,36,600522,42.0
2026-04-03,2026-04-02,37,600977,42.0
2026-04-03,2026-04-02,38,605056,42.0
2026-04-03,2026-04-02,39,605100,42.0
2026-04-03,2026-04-02,40,688376,42.0
2026-04-03,2026-04-02,41,688450,42.0
2026-04-03,2026-04-02,42,002203,41.0
2026-04-03,2026-04-02,43,002466,41.0
2026-04-03,2026-04-02,44,002532,41.0
2026-04-03,2026-04-02,45,002565,41.0
2026-04-03,2026-04-02,46,002808,41.0
2026-04-03,2026-04-02,47,002956,41.0
2026-04-03,2026-04-02,48,300400,41.0
2026-04-03,2026-04-02,49,300440,41.0
2026-04-03,2026-04-02,50,300807,41.0
2026-04-07,2026-04-03,1,300005,51.0
2026-04-07,2026-04-03,2,603261,46.0
2026-04-07,2026-04-03,3,600302,45.0
2026-04-07,2026-04-03,4,688455,45.0
2026-04-07,2026-04-03,5,002937,44.0
2026-04-07,2026-04-03,6,301003,44.0
2026-04-07,2026-04-03,7,301086,44.0
2026-04-07,2026-04-03,8,600773,44.0
2026-04-07,2026-04-03,9,603588,44.0
2026-04-07,2026-04-03,10,000703,43.0
2026-04-07,2026-04-03,11,300720,43.0
2026-04-07,2026-04-03,12,300843,43.0
2026-04-07,2026-04-03,13,301070,43.0
2026-04-07,2026-04-03,14,301421,43.0
2026-04-07,2026-04-03,15,603124,43.0
2026-04-07,2026-04-03,16,603308,43.0
2026-04-07,2026-04-03,17,603829,43.0
2026-04-07,2026-04-03,18,688011,43.0
2026-04-07,2026-04-03,19,688376,43.0
2026-04-07,2026-04-03,20,688485,43.0
2026-04-07,2026-04-03,21,000668,42.0
2026-04-07,2026-04-03,22,002956,42.0
2026-04-07,2026-04-03,23,300342,42.0
2026-04-07,2026-04-03,24,300667,42.0
2026-04-07,2026-04-03,25,301323,42.0
2026-04-07,2026-04-03,26,600207,42.0
2026-04-07,2026-04-03,27,600522,42.0
2026-04-07,2026-04-03,28,605056,42.0
2026-04-07,2026-04-03,29,605100,42.0
2026-04-07,2026-04-03,30,605365,42.0
2026-04-07,2026-04-03,31,688345,42.0
2026-04-07,2026-04-03,32,688401,42.0
2026-04-07,2026-04-03,33,002203,41.0
2026-04-07,2026-04-03,34,002808,41.0
2026-04-07,2026-04-03,35,300854,41.0
2026-04-07,2026-04-03,36,300936,41.0
2026-04-07,2026-04-03,37,301157,41.0
2026-04-07,2026-04-03,38,301571,41.0
2026-04-07,2026-04-03,39,603398,41.0
2026-04-07,2026-04-03,40,688300,41.0
2026-04-07,2026-04-03,41,688367,41.0
2026-04-07,2026-04-03,42,688450,41.0
2026-04-07,2026-04-03,43,002281,40.0
2026-04-07,2026-04-03,44,002466,40.0
2026-04-07,2026-04-03,45,002532,40.0
2026-04-07,2026-04-03,46,002620,40.0
2026-04-07,2026-04-03,47,002713,40.0
2026-04-07,2026-04-03,48,300093,40.0
2026-04-07,2026-04-03,49,300400,40.0
2026-04-07,2026-04-03,50,300440,40.0
2026-04-08,2026-04-07,1,603268,55.0
2026-04-08,2026-04-07,2,300005,51.0
2026-04-08,2026-04-07,3,688372,49.0
2026-04-08,2026-04-07,4,002848,47.0
2026-04-08,2026-04-07,5,603261,46.0
2026-04-08,2026-04-07,6,301086,45.0
2026-04-08,2026-04-07,7,600201,45.0
2026-04-08,2026-04-07,8,603588,45.0
2026-04-08,2026-04-07,9,688455,45.0
2026-04-08,2026-04-07,10,002866,44.0
2026-04-08,2026-04-07,11,600302,44.0
2026-04-08,2026-04-07,12,603124,44.0
2026-04-08,2026-04-07,13,688011,44.0
2026-04-08,2026-04-07,14,000703,43.0
2026-04-08,2026-04-07,15,001317,43.0
2026-04-08,2026-04-07,16,002064,43.0
2026-04-08,2026-04-07,17,002937,43.0
2026-04-08,2026-04-07,18,300720,43.0
2026-04-08,2026-04-07,19,300843,43.0
2026-04-08,2026-04-07,20,301105,43.0
2026-04-08,2026-04-07,21,301421,43.0
2026-04-08,2026-04-07,22,600259,43.0
2026-04-08,2026-04-07,23,605100,43.0
2026-04-08,2026-04-07,24,605365,43.0
2026-04-08,2026-04-07,25,688376,43.0
2026-04-08,2026-04-07,26,000608,42.0
2026-04-08,2026-04-07,27,000668,42.0
2026-04-08,2026-04-07,28,002128,42.0
2026-04-08,2026-04-07,29,002956,42.0
2026-04-08,2026-04-07,30,300342,42.0
2026-04-08,2026-04-07,31,300937,42.0
2026-04-08,2026-04-07,32,301070,42.0
2026-04-08,2026-04-07,33,301323,42.0
2026-04-08,2026-04-07,34,603398,42.0
2026-04-08,2026-04-07,35,605056,42.0
2026-04-08,2026-04-07,36,688367,42.0
2026-04-08,2026-04-07,37,688485,42.0
2026-04-08,2026-04-07,38,002203,41.0
2026-04-08,2026-04-07,39,002281,41.0
2026-04-08,2026-04-07,40,002532,41.0
2026-04-08,2026-04-07,41,002565,41.0
2026-04-08,2026-04-07,42,002620,41.0
2026-04-08,2026-04-07,43,002713,41.0
2026-04-08,2026-04-07,44,002789,41.0
2026-04-08,2026-04-07,45,300807,41.0
2026-04-08,2026-04-07,46,300854,41.0
2026-04-08,2026-04-07,47,300936,41.0
2026-04-08,2026-04-07,48,301138,41.0
2026-04-08,2026-04-07,49,301172,41.0
2026-04-08,2026-04-07,50,301365,41.0
2026-04-09,2026-04-08,1,603268,56.0
2026-04-09,2026-04-08,2,300005,52.0
2026-04-09,2026-04-08,3,600331,49.0
2026-04-09,2026-04-08,4,688372,49.0
2026-04-09,2026-04-08,5,301028,48.0
2026-04-09,2026-04-08,6,601233,48.0
2026-04-09,2026-04-08,7,605196,48.0
2026-04-09,2026-04-08,8,002848,47.0
2026-04-09,2026-04-08,9,603261,47.0
2026-04-09,2026-04-08,10,001359,46.0
2026-04-09,2026-04-08,11,300125,46.0
2026-04-09,2026-04-08,12,600768,46.0
2026-04-09,2026-04-08,13,002398,45.0
2026-04-09,2026-04-08,14,002866,45.0
2026-04-09,2026-04-08,15,002963,45.0
2026-04-09,2026-04-08,16,300881,45.0
2026-04-09,2026-04-08,17,301003,45.0
2026-04-09,2026-04-08,18,301086,45.0
2026-04-09,2026-04-08,19,600201,45.0
2026-04-09,2026-04-08,20,600302,45.0
2026-04-09,2026-04-08,21,600593,45.0
2026-04-09,2026-04-08,22,603124,45.0
2026-04-09,2026-04-08,23,603588,45.0
2026-04-09,2026-04-08,24,688455,45.0
2026-04-09,2026-04-08,25,688669,45.0
2026-04-09,2026-04-08,26,000893,44.0
2026-04-09,2026-04-08,27,001317,44.0
2026-04-09,2026-04-08,28,002115,44.0
2026-04-09,2026-04-08,29,002418,44.0
2026-04-09,2026-04-08,30,300037,44.0
2026-04-09,2026-04-08,31,300843,44.0
2026-04-09,2026-04-08,32,301018,44.0
2026-04-09,2026-04-08,33,301042,44.0
2026-04-09,2026-04-08,34,301105,44.0
2026-04-09,2026-04-08,35,603386,44.0
2026-04-09,2026-04-08,36,605365,44.0
2026-04-09,2026-04-08,37,688011,44.0
2026-04-09,2026-04-08,38,688257,44.0
2026-04-09,2026-04-08,39,688378,44.0
2026-04-09,2026-04-08,40,688689,44.0
2026-04-09,2026-04-08,41,688778,44.0
2026-04-09,2026-04-08,42,000608,43.0
2026-04-09,2026-04-08,43,000703,43.0
2026-04-09,2026-04-08,44,002064,43.0
2026-04-09,2026-04-08,45,002350,43.0
2026-04-09,2026-04-08,46,002446,43.0
2026-04-09,2026-04-08,47,002493,43.0
2026-04-09,2026-04-08,48,002552,43.0
2026-04-09,2026-04-08,49,002937,43.0
2026-04-09,2026-04-08,50,002956,43.0
2026-04-10,2026-04-09,1,603268,55.0
2026-04-10,2026-04-09,2,300005,52.0
2026-04-10,2026-04-09,3,600331,50.0
2026-04-10,2026-04-09,4,688372,49.0
2026-04-10,2026-04-09,5,301028,48.0
2026-04-10,2026-04-09,6,002848,47.0
2026-04-10,2026-04-09,7,601233,47.0
2026-04-10,2026-04-09,8,603261,47.0
2026-04-10,2026-04-09,9,603391,47.0
2026-04-10,2026-04-09,10,605196,47.0
2026-04-10,2026-04-09,11,001359,46.0
2026-04-10,2026-04-09,12,300125,46.0
2026-04-10,2026-04-09,13,301086,46.0
2026-04-10,2026-04-09,14,603124,46.0
2026-04-10,2026-04-09,15,002418,45.0
2026-04-10,2026-04-09,16,002647,45.0
2026-04-10,2026-04-09,17,002866,45.0
2026-04-10,2026-04-09,18,300037,45.0
2026-04-10,2026-04-09,19,301003,45.0
2026-04-10,2026-04-09,20,301018,45.0
2026-04-10,2026-04-09,21,600302,45.0
2026-04-10,2026-04-09,22,603588,45.0
2026-04-10,2026-04-09,23,688257,45.0
2026-04-10,2026-04-09,24,688455,45.0
2026-04-10,2026-04-09,25,000608,44.0
2026-04-10,2026-04-09,26,002436,44.0
2026-04-10,2026-04-09,27,002497,44.0
2026-04-10,2026-04-09,28,002937,44.0
2026-04-10,2026-04-09,29,002956,44.0
2026-04-10,2026-04-09,30,300252,44.0
2026-04-10,2026-04-09,31,300706,44.0
2026-04-10,2026-04-09,32,300843,44.0
2026-04-10,2026-04-09,33,300938,44.0
2026-04-10,2026-04-09,34,301042,44.0
2026-04-10,2026-04-09,35,600201,44.0
2026-04-10,2026-04-09,36,600259,44.0
2026-04-10,2026-04-09,37,600525,44.0
2026-04-10,2026-04-09,38,603386,44.0
2026-04-10,2026-04-09,39,603398,44.0
2026-04-10,2026-04-09,40,605100,44.0
2026-04-10,2026-04-09,41,605365,44.0
2026-04-10,2026-04-09,42,688376,44.0
2026-04-10,2026-04-09,43,688378,44.0
2026-04-10,2026-04-09,44,688669,44.0
2026-04-10,2026-04-09,45,688689,44.0
2026-04-10,2026-04-09,46,000612,43.0
2026-04-10,2026-04-09,47,000703,43.0
2026-04-10,2026-04-09,48,000893,43.0
2026-04-10,2026-04-09,49,001311,43.0
2026-04-10,2026-04-09,50,001317,43.0
2026-04-13,2026-04-10,1,300005,52.0
2026-04-13,2026-04-10,2,600331,50.0
2026-04-13,2026-04-10,3,301028,48.0
2026-04-13,2026-04-10,4,601233,48.0
2026-04-13,2026-04-10,5,688372,48.0
2026-04-13,2026-04-10,6,688448,48.0
2026-04-13,2026-04-10,7,001359,47.0
2026-04-13,2026-04-10,8,002848,47.0
2026-04-13,2026-04-10,9,301086,47.0
2026-04-13,2026-04-10,10,603261,47.0
2026-04-13,2026-04-10,11,002866,46.0
2026-04-13,2026-04-10,12,300037,46.0
2026-04-13,2026-04-10,13,300125,46.0
2026-04-13,2026-04-10,14,301018,46.0
2026-04-13,2026-04-10,15,603124,46.0
2026-04-13,2026-04-10,16,688359,46.0
2026-04-13,2026-04-10,17,688455,46.0
2026-04-13,2026-04-10,18,002028,45.0
2026-04-13,2026-04-10,19,002171,45.0
2026-04-13,2026-04-10,20,002418,45.0
2026-04-13,2026-04-10,21,002436,45.0
2026-04-13,2026-04-10,22,002647,45.0
2026-04-13,2026-04-10,23,002937,45.0
2026-04-13,2026-04-10,24,605100,45.0
2026-04-13,2026-04-10,25,000608,44.0
2026-04-13,2026-04-10,26,000703,44.0
2026-04-13,2026-04-10,27,001317,44.0
2026-04-13,2026-04-10,28,002064,44.0
2026-04-13,2026-04-10,29,002350,44.0
2026-04-13,2026-04-10,30,002497,44.0
2026-04-13,2026-04-10,31,002713,44.0
2026-04-13,2026-04-10,32,002956,44.0
2026-04-13,2026-04-10,33,300252,44.0
2026-04-13,2026-04-10,34,300268,44.0
2026-04-13,2026-04-10,35,300706,44.0
2026-04-13,2026-04-10,36,300843,44.0
2026-04-13,2026-04-10,37,300881,44.0
2026-04-13,2026-04-10,38,600259,44.0
2026-04-13,2026-04-10,39,600302,44.0
2026-04-13,2026-04-10,40,600338,44.0
2026-04-13,2026-04-10,41,600525,44.0
2026-04-13,2026-04-10,42,603021,44.0
2026-04-13,2026-04-10,43,603048,44.0
2026-04-13,2026-04-10,44,603386,44.0
2026-04-13,2026-04-10,45,603588,44.0
2026-04-13,2026-04-10,46,603829,44.0
2026-04-13,2026-04-10,47,605058,44.0
2026-04-13,2026-04-10,48,605365,44.0
2026-04-13,2026-04-10,49,688257,44.0
2026-04-13,2026-04-10,50,688378,44.0
2026-04-14,2026-04-13,1,300005,52.0
2026-04-14,2026-04-13,2,301028,49.0
2026-04-14,2026-04-13,3,688448,49.0
2026-04-14,2026-04-13,4,001359,48.0
2026-04-14,2026-04-13,5,301086,48.0
2026-04-14,2026-04-13,6,601233,48.0
2026-04-14,2026-04-13,7,603261,48.0
2026-04-14,2026-04-13,8,688372,48.0
2026-04-14,2026-04-13,9,002848,47.0
2026-04-14,2026-04-13,10,002866,47.0
2026-04-14,2026-04-13,11,603124,47.0
2026-04-14,2026-04-13,12,688359,47.0
2026-04-14,2026-04-13,13,002937,46.0
2026-04-14,2026-04-13,14,300037,46.0
2026-04-14,2026-04-13,15,300125,46.0
2026-04-14,2026-04-13,16,300343,46.0
2026-04-14,2026-04-13,17,301003,46.0
2026-04-14,2026-04-13,18,301018,46.0
2026-04-14,2026-04-13,19,688455,46.0
2026-04-14,2026-04-13,20,002171,45.0
2026-04-14,2026-04-13,21,002418,45.0
2026-04-14,2026-04-13,22,002436,45.0
2026-04-14,2026-04-13,23,002647,45.0
2026-04-14,2026-04-13,24,300243,45.0
2026-04-14,2026-04-13,25,600338,45.0
2026-04-14,2026-04-13,26,605058,45.0
2026-04-14,2026-04-13,27,605100,45.0
2026-04-14,2026-04-13,28,688378,45.0
2026-04-14,2026-04-13,29,000703,44.0
2026-04-14,2026-04-13,30,002064,44.0
2026-04-14,2026-04-13,31,002350,44.0
2026-04-14,2026-04-13,32,002497,44.0
2026-04-14,2026-04-13,33,002713,44.0
2026-04-14,2026-04-13,34,002921,44.0
2026-04-14,2026-04-13,35,002956,44.0
2026-04-14,2026-04-13,36,003004,44.0
2026-04-14,2026-04-13,37,300097,44.0
2026-04-14,2026-04-13,38,300137,44.0
2026-04-14,2026-04-13,39,300252,44.0
2026-04-14,2026-04-13,40,300268,44.0
2026-04-14,2026-04-13,41,300706,44.0
2026-04-14,2026-04-13,42,300843,44.0
2026-04-14,2026-04-13,43,300881,44.0
2026-04-14,2026-04-13,44,600226,44.0
2026-04-14,2026-04-13,45,600259,44.0
2026-04-14,2026-04-13,46,600302,44.0
2026-04-14,2026-04-13,47,600525,44.0
2026-04-14,2026-04-13,48,603021,44.0
2026-04-14,2026-04-13,49,603048,44.0
2026-04-14,2026-04-13,50,603386,44.0
2026-04-15,2026-04-14,1,300005,51.0
2026-04-15,2026-04-14,2,600331,50.0
2026-04-15,2026-04-14,3,002496,49.0
2026-04-15,2026-04-14,4,300052,49.0
2026-04-15,2026-04-14,5,301028,49.0
2026-04-15,2026-04-14,6,001359,48.0
2026-04-15,2026-04-14,7,603261,48.0
2026-04-15,2026-04-14,8,688372,48.0
2026-04-15,2026-04-14,9,688448,48.0
2026-04-15,2026-04-14,10,002866,47.0
2026-04-15,2026-04-14,11,300343,47.0
2026-04-15,2026-04-14,12,300932,47.0
2026-04-15,2026-04-14,13,301086,47.0
2026-04-15,2026-04-14,14,601233,47.0
2026-04-15,2026-04-14,15,603124,47.0
2026-04-15,2026-04-14,16,605196,47.0
2026-04-15,2026-04-14,17,688359,47.0
2026-04-15,2026-04-14,18,688455,47.0
2026-04-15,2026-04-14,19,002171,46.0
2026-04-15,2026-04-14,20,002848,46.0
2026-04-15,2026-04-14,21,300037,46.0
2026-04-15,2026-04-14,22,300125,46.0
2026-04-15,2026-04-14,23,300243,46.0
2026-04-15,2026-04-14,24,301003,46.0
2026-04-15,2026-04-14,25,301018,46.0
2026-04-15,2026-04-14,26,600338,46.0
2026-04-15,2026-04-14,27,002418,45.0
2026-04-15,2026-04-14,28,002436,45.0
2026-04-15,2026-04-14,29,002497,45.0
2026-04-15,2026-04-14,30,002647,45.0
2026-04-15,2026-04-14,31,002713,45.0
2026-04-15,2026-04-14,32,002937,45.0
2026-04-15,2026-04-14,33,300268,45.0
2026-04-15,2026-04-14,34,300706,45.0
2026-04-15,2026-04-14,35,605100,45.0
2026-04-15,2026-04-14,36,000608,44.0
2026-04-15,2026-04-14,37,000703,44.0
2026-04-15,2026-04-14,38,002064,44.0
2026-04-15,2026-04-14,39,003004,44.0
2026-04-15,2026-04-14,40,300650,44.0
2026-04-15,2026-04-14,41,301042,44.0
2026-04-15,2026-04-14,42,600259,44.0
2026-04-15,2026-04-14,43,600525,44.0
2026-04-15,2026-04-14,44,600773,44.0
2026-04-15,2026-04-14,45,603021,44.0
2026-04-15,2026-04-14,46,603398,44.0
2026-04-15,2026-04-14,47,605058,44.0
2026-04-15,2026-04-14,48,688077,44.0
2026-04-15,2026-04-14,49,688257,44.0
2026-04-15,2026-04-14,50,688376,44.0
2026-04-16,2026-04-15,1,300005,51.0
2026-04-16,2026-04-15,2,600331,50.0
2026-04-16,2026-04-15,3,002496,49.0
2026-04-16,2026-04-15,4,300052,49.0
2026-04-16,2026-04-15,5,301028,49.0
2026-04-16,2026-04-15,6,688372,49.0
2026-04-16,2026-04-15,7,688448,49.0
2026-04-16,2026-04-15,8,001359,48.0
2026-04-16,2026-04-15,9,601233,48.0
2026-04-16,2026-04-15,10,603261,48.0
2026-04-16,2026-04-15,11,688359,48.0
2026-04-16,2026-04-15,12,002848,47.0
2026-04-16,2026-04-15,13,002866,47.0
2026-04-16,2026-04-15,14,300243,47.0
2026-04-16,2026-04-15,15,300343,47.0
2026-04-16,2026-04-15,16,300932,47.0
2026-04-16,2026-04-15,17,605196,47.0
2026-04-16,2026-04-15,18,688455,47.0
2026-04-16,2026-04-15,19,002171,46.0
2026-04-16,2026-04-15,20,300037,46.0
2026-04-16,2026-04-15,21,300125,46.0
2026-04-16,2026-04-15,22,301018,46.0
2026-04-16,2026-04-15,23,301086,46.0
2026-04-16,2026-04-15,24,600338,46.0
2026-04-16,2026-04-15,25,603124,46.0
2026-04-16,2026-04-15,26,002028,45.0
2026-04-16,2026-04-15,27,002418,45.0
2026-04-16,2026-04-15,28,002436,45.0
2026-04-16,2026-04-15,29,002647,45.0
2026-04-16,2026-04-15,30,002713,45.0
2026-04-16,2026-04-15,31,002937,45.0
2026-04-16,2026-04-15,32,300706,45.0
2026-04-16,2026-04-15,33,301003,45.0
2026-04-16,2026-04-15,34,603021,45.0
2026-04-16,2026-04-15,35,603398,45.0
2026-04-16,2026-04-15,36,605100,45.0
2026-04-16,2026-04-15,37,688376,45.0
2026-04-16,2026-04-15,38,000608,44.0
2026-04-16,2026-04-15,39,000703,44.0
2026-04-16,2026-04-15,40,002064,44.0
2026-04-16,2026-04-15,41,002497,44.0
2026-04-16,2026-04-15,42,003004,44.0
2026-04-16,2026-04-15,43,300268,44.0
2026-04-16,2026-04-15,44,600259,44.0
2026-04-16,2026-04-15,45,600773,44.0
2026-04-16,2026-04-15,46,605058,44.0
2026-04-16,2026-04-15,47,688077,44.0
2026-04-16,2026-04-15,48,688257,44.0
2026-04-16,2026-04-15,49,688378,44.0
2026-04-16,2026-04-15,50,688625,44.0
2026-04-17,2026-04-16,1,603268,55.0
2026-04-17,2026-04-16,2,300005,51.0
2026-04-17,2026-04-16,3,600331,51.0
2026-04-17,2026-04-16,4,300052,49.0
2026-04-17,2026-04-16,5,301028,49.0
2026-04-17,2026-04-16,6,688359,49.0
2026-04-17,2026-04-16,7,688372,49.0
2026-04-17,2026-04-16,8,688448,49.0
2026-04-17,2026-04-16,9,001359,48.0
2026-04-17,2026-04-16,10,002496,48.0
2026-04-17,2026-04-16,11,002866,48.0
2026-04-17,2026-04-16,12,300243,48.0
2026-04-17,2026-04-16,13,300932,48.0
2026-04-17,2026-04-16,14,601233,48.0
2026-04-17,2026-04-16,15,603261,48.0
2026-04-17,2026-04-16,16,605196,48.0
2026-04-17,2026-04-16,17,688455,48.0
2026-04-17,2026-04-16,18,002848,47.0
2026-04-17,2026-04-16,19,300125,47.0
2026-04-17,2026-04-16,20,300343,47.0
2026-04-17,2026-04-16,21,603124,47.0
2026-04-17,2026-04-16,22,002028,46.0
2026-04-17,2026-04-16,23,002171,46.0
2026-04-17,2026-04-16,24,002418,46.0
2026-04-17,2026-04-16,25,002713,46.0
2026-04-17,2026-04-16,26,300037,46.0
2026-04-17,2026-04-16,27,301003,46.0
2026-04-17,2026-04-16,28,301018,46.0
2026-04-17,2026-04-16,29,301086,46.0
2026-04-17,2026-04-16,30,600338,46.0
2026-04-17,2026-04-16,31,605100,46.0
2026-04-17,2026-04-16,32,688376,46.0
2026-04-17,2026-04-16,33,000703,45.0
2026-04-17,2026-04-16,34,002064,45.0
2026-04-17,2026-04-16,35,002436,45.0
2026-04-17,2026-04-16,36,002497,45.0
2026-04-17,2026-04-16,37,002937,45.0
2026-04-17,2026-04-16,38,003004,45.0
2026-04-17,2026-04-16,39,300706,45.0
2026-04-17,2026-04-16,40,600773,45.0
2026-04-17,2026-04-16,41,603021,45.0
2026-04-17,2026-04-16,42,688077,45.0
2026-04-17,2026-04-16,43,688257,45.0
2026-04-17,2026-04-16,44,688378,45.0
2026-04-17,2026-04-16,45,688625,45.0
2026-04-17,2026-04-16,46,002128,44.0
2026-04-17,2026-04-16,47,002398,44.0
2026-04-17,2026-04-16,48,002466,44.0
2026-04-17,2026-04-16,49,002552,44.0
2026-04-17,2026-04-16,50,002647,44.0
2026-04-20,2026-04-17,1,603268,54.0
2026-04-20,2026-04-17,2,300005,51.0
2026-04-20,2026-04-17,3,600331,50.0
2026-04-20,2026-04-17,4,001359,49.0
2026-04-20,2026-04-17,5,300052,49.0
2026-04-20,2026-04-17,6,301028,49.0
2026-04-20,2026-04-17,7,605196,49.0
2026-04-20,2026-04-17,8,688359,49.0
2026-04-20,2026-04-17,9,688448,49.0
2026-04-20,2026-04-17,10,002496,48.0
2026-04-20,2026-04-17,11,002848,48.0
2026-04-20,2026-04-17,12,300932,48.0
2026-04-20,2026-04-17,13,601233,48.0
2026-04-20,2026-04-17,14,688372,48.0
2026-04-20,2026-04-17,15,688455,48.0
2026-04-20,2026-04-17,16,002866,47.0
2026-04-20,2026-04-17,17,300125,47.0
2026-04-20,2026-04-17,18,300243,47.0
2026-04-20,2026-04-17,19,300343,47.0
2026-04-20,2026-04-17,20,301086,47.0
2026-04-20,2026-04-17,21,600338,47.0
2026-04-20,2026-04-17,22,603261,47.0
2026-04-20,2026-04-17,23,002028,46.0
2026-04-20,2026-04-17,24,002171,46.0
2026-04-20,2026-04-17,25,002418,46.0
2026-04-20,2026-04-17,26,002436,46.0
2026-04-20,2026-04-17,27,002713,46.0
2026-04-20,2026-04-17,28,002937,46.0
2026-04-20,2026-04-17,29,301003,46.0
2026-04-20,2026-04-17,30,301018,46.0
2026-04-20,2026-04-17,31,600773,46.0
2026-04-20,2026-04-17,32,603124,46.0
2026-04-20,2026-04-17,33,605100,46.0
2026-04-20,2026-04-17,34,688376,46.0
2026-04-20,2026-04-17,35,000703,45.0
2026-04-20,2026-04-17,36,002064,45.0
2026-04-20,2026-04-17,37,002466,45.0
2026-04-20,2026-04-17,38,002497,45.0
2026-04-20,2026-04-17,39,002647,45.0
2026-04-20,2026-04-17,40,003004,45.0
2026-04-20,2026-04-17,41,300037,45.0
2026-04-20,2026-04-17,42,300706,45.0
2026-04-20,2026-04-17,43,600259,45.0
2026-04-20,2026-04-17,44,603527,45.0
2026-04-20,2026-04-17,45,688077,45.0
2026-04-20,2026-04-17,46,688257,45.0
2026-04-20,2026-04-17,47,688625,45.0
2026-04-20,2026-04-17,48,688689,45.0
2026-04-20,2026-04-17,49,688779,45.0
2026-04-20,2026-04-17,50,002552,44.0
2026-04-21,2026-04-20,1,603268,53.0
2026-04-21,2026-04-20,2,300005,51.0
2026-04-21,2026-04-20,3,600331,51.0
2026-04-21,2026-04-20,4,300052,49.0
2026-04-21,2026-04-20,5,688448,49.0
2026-04-21,2026-04-20,6,001359,48.0
2026-04-21,2026-04-20,7,002848,48.0
2026-04-21,2026-04-20,8,301028,48.0
2026-04-21,2026-04-20,9,601233,48.0
2026-04-21,2026-04-20,10,605196,48.0
2026-04-21,2026-04-20,11,688359,48.0
2026-04-21,2026-04-20,12,688372,48.0
2026-04-21,2026-04-20,13,688455,48.0
2026-04-21,2026-04-20,14,002028,47.0
2026-04-21,2026-04-20,15,002496,47.0
2026-04-21,2026-04-20,16,300125,47.0
2026-04-21,2026-04-20,17,300243,47.0
2026-04-21,2026-04-20,18,300932,47.0
2026-04-21,2026-04-20,19,301086,47.0
2026-04-21,2026-04-20,20,603261,47.0
2026-04-21,2026-04-20,21,605100,47.0
2026-04-21,2026-04-20,22,000703,46.0
2026-04-21,2026-04-20,23,002064,46.0
2026-04-21,2026-04-20,24,002171,46.0
2026-04-21,2026-04-20,25,002866,46.0
2026-04-21,2026-04-20,26,002937,46.0
2026-04-21,2026-04-20,27,300343,46.0
2026-04-21,2026-04-20,28,301018,46.0
2026-04-21,2026-04-20,29,600338,46.0
2026-04-21,2026-04-20,30,002418,45.0
2026-04-21,2026-04-20,31,002436,45.0
2026-04-21,2026-04-20,32,002466,45.0
2026-04-21,2026-04-20,33,002497,45.0
2026-04-21,2026-04-20,34,002647,45.0
2026-04-21,2026-04-20,35,002713,45.0
2026-04-21,2026-04-20,36,003004,45.0
2026-04-21,2026-04-20,37,300037,45.0
2026-04-21,2026-04-20,38,300706,45.0
2026-04-21,2026-04-20,39,300720,45.0
2026-04-21,2026-04-20,40,300881,45.0
2026-04-21,2026-04-20,41,301003,45.0
2026-04-21,2026-04-20,42,301421,45.0
2026-04-21,2026-04-20,43,301571,45.0
2026-04-21,2026-04-20,44,600259,45.0
2026-04-21,2026-04-20,45,600773,45.0
2026-04-21,2026-04-20,46,603021,45.0
2026-04-21,2026-04-20,47,603124,45.0
2026-04-21,2026-04-20,48,688257,45.0
2026-04-21,2026-04-20,49,688376,45.0
2026-04-21,2026-04-20,50,688378,45.0
2026-04-22,2026-04-21,1,603268,54.0
2026-04-22,2026-04-21,2,600331,52.0
2026-04-22,2026-04-21,3,300005,50.0
2026-04-22,2026-04-21,4,001359,48.0
2026-04-22,2026-04-21,5,002848,48.0
2026-04-22,2026-04-21,6,300052,48.0
2026-04-22,2026-04-21,7,300125,48.0
2026-04-22,2026-04-21,8,301028,48.0
2026-04-22,2026-04-21,9,301086,48.0
2026-04-22,2026-04-21,10,601233,48.0
2026-04-22,2026-04-21,11,605196,48.0
2026-04-22,2026-04-21,12,688448,48.0
2026-04-22,2026-04-21,13,688455,48.0
2026-04-22,2026-04-21,14,002028,47.0
2026-04-22,2026-04-21,15,002064,47.0
2026-04-22,2026-04-21,16,300243,47.0
2026-04-22,2026-04-21,17,603261,47.0
2026-04-22,2026-04-21,18,605100,47.0
2026-04-22,2026-04-21,19,688359,47.0
2026-04-22,2026-04-21,20,688372,47.0
2026-04-22,2026-04-21,21,002171,46.0
2026-04-22,2026-04-21,22,002436,46.0
2026-04-22,2026-04-21,23,002466,46.0
2026-04-22,2026-04-21,24,002496,46.0
2026-04-22,2026-04-21,25,002647,46.0
2026-04-22,2026-04-21,26,002866,46.0
2026-04-22,2026-04-21,27,002937,46.0
2026-04-22,2026-04-21,28,300706,46.0
2026-04-22,2026-04-21,29,300932,46.0
2026-04-22,2026-04-21,30,301018,46.0
2026-04-22,2026-04-21,31,600259,46.0
2026-04-22,2026-04-21,32,600338,46.0
2026-04-22,2026-04-21,33,000703,45.0
2026-04-22,2026-04-21,34,002418,45.0
2026-04-22,2026-04-21,35,002497,45.0
2026-04-22,2026-04-21,36,002552,45.0
2026-04-22,2026-04-21,37,002620,45.0
2026-04-22,2026-04-21,38,002713,45.0
2026-04-22,2026-04-21,39,003004,45.0
2026-04-22,2026-04-21,40,300037,45.0
2026-04-22,2026-04-21,41,300179,45.0
2026-04-22,2026-04-21,42,300343,45.0
2026-04-22,2026-04-21,43,300720,45.0
2026-04-22,2026-04-21,44,301003,45.0
2026-04-22,2026-04-21,45,301285,45.0
2026-04-22,2026-04-21,46,301571,45.0
2026-04-22,2026-04-21,47,600773,45.0
2026-04-22,2026-04-21,48,603021,45.0
2026-04-22,2026-04-21,49,603124,45.0
2026-04-22,2026-04-21,50,688257,45.0
2026-04-23,2026-04-22,1,603268,53.0
2026-04-23,2026-04-22,2,600331,51.0
2026-04-23,2026-04-22,3,300005,50.0
2026-04-23,2026-04-22,4,300052,49.0
2026-04-23,2026-04-22,5,301086,49.0
2026-04-23,2026-04-22,6,001359,48.0
2026-04-23,2026-04-22,7,002028,48.0
2026-04-23,2026-04-22,8,002848,48.0
2026-04-23,2026-04-22,9,301028,48.0
2026-04-23,2026-04-22,10,605100,48.0
2026-04-23,2026-04-22,11,688448,48.0
2026-04-23,2026-04-22,12,002171,47.0
2026-04-23,2026-04-22,13,002496,47.0
2026-04-23,2026-04-22,14,300125,47.0
2026-04-23,2026-04-22,15,300243,47.0
2026-04-23,2026-04-22,16,301018,47.0
2026-04-23,2026-04-22,17,601233,47.0
2026-04-23,2026-04-22,18,688359,47.0
2026-04-23,2026-04-22,19,002064,46.0
2026-04-23,2026-04-22,20,002436,46.0
2026-04-23,2026-04-22,21,002647,46.0
2026-04-23,2026-04-22,22,002866,46.0
2026-04-23,2026-04-22,23,002937,46.0
2026-04-23,2026-04-22,24,300179,46.0
2026-04-23,2026-04-22,25,300706,46.0
2026-04-23,2026-04-22,26,600259,46.0
2026-04-23,2026-04-22,27,603124,46.0
2026-04-23,2026-04-22,28,603261,46.0
2026-04-23,2026-04-22,29,688372,46.0
2026-04-23,2026-04-22,30,002418,45.0
2026-04-23,2026-04-22,31,002466,45.0
2026-04-23,2026-04-22,32,002497,45.0
2026-04-23,2026-04-22,33,002552,45.0
2026-04-23,2026-04-22,34,002620,45.0
2026-04-23,2026-04-22,35,002741,45.0
2026-04-23,2026-04-22,36,003004,45.0
2026-04-23,2026-04-22,37,300343,45.0
2026-04-23,2026-04-22,38,300720,45.0
2026-04-23,2026-04-22,39,300932,45.0
2026-04-23,2026-04-22,40,301003,45.0
2026-04-23,2026-04-22,41,301285,45.0
2026-04-23,2026-04-22,42,301421,45.0
2026-04-23,2026-04-22,43,600338,45.0
2026-04-23,2026-04-22,44,600773,45.0
2026-04-23,2026-04-22,45,603021,45.0
2026-04-23,2026-04-22,46,688367,45.0
2026-04-23,2026-04-22,47,688376,45.0
2026-04-23,2026-04-22,48,688378,45.0
2026-04-23,2026-04-22,49,688450,45.0
2026-04-23,2026-04-22,50,688625,45.0
2026-04-24,2026-04-23,1,603268,52.0
2026-04-24,2026-04-23,2,300005,51.0
2026-04-24,2026-04-23,3,600331,51.0
2026-04-24,2026-04-23,4,002848,48.0
2026-04-24,2026-04-23,5,300243,48.0
2026-04-24,2026-04-23,6,301086,48.0
2026-04-24,2026-04-23,7,001359,47.0
2026-04-24,2026-04-23,8,002028,47.0
2026-04-24,2026-04-23,9,002496,47.0
2026-04-24,2026-04-23,10,300125,47.0
2026-04-24,2026-04-23,11,601233,47.0
2026-04-24,2026-04-23,12,605100,47.0
2026-04-24,2026-04-23,13,688448,47.0
2026-04-24,2026-04-23,14,002064,46.0
2026-04-24,2026-04-23,15,002171,46.0
2026-04-24,2026-04-23,16,002647,46.0
2026-04-24,2026-04-23,17,300179,46.0
2026-04-24,2026-04-23,18,301003,46.0
2026-04-24,2026-04-23,19,301018,46.0
2026-04-24,2026-04-23,20,603124,46.0
2026-04-24,2026-04-23,21,603261,46.0
2026-04-24,2026-04-23,22,688359,46.0
2026-04-24,2026-04-23,23,688372,46.0
2026-04-24,2026-04-23,24,002418,45.0
2026-04-24,2026-04-23,25,002436,45.0
2026-04-24,2026-04-23,26,002497,45.0
2026-04-24,2026-04-23,27,002552,45.0
2026-04-24,2026-04-23,28,002866,45.0
2026-04-24,2026-04-23,29,002937,45.0
2026-04-24,2026-04-23,30,300706,45.0
2026-04-24,2026-04-23,31,300720,45.0
2026-04-24,2026-04-23,32,300932,45.0
2026-04-24,2026-04-23,33,600259,45.0
2026-04-24,2026-04-23,34,600773,45.0
2026-04-24,2026-04-23,35,603021,45.0
2026-04-24,2026-04-23,36,688625,45.0
2026-04-24,2026-04-23,37,000301,44.0
2026-04-24,2026-04-23,38,000422,44.0
2026-04-24,2026-04-23,39,000703,44.0
2026-04-24,2026-04-23,40,002203,44.0
2026-04-24,2026-04-23,41,002466,44.0
2026-04-24,2026-04-23,42,002620,44.0
2026-04-24,2026-04-23,43,002741,44.0
2026-04-24,2026-04-23,44,003004,44.0
2026-04-24,2026-04-23,45,300037,44.0
2026-04-24,2026-04-23,46,300308,44.0
2026-04-24,2026-04-23,47,300343,44.0
2026-04-24,2026-04-23,48,300881,44.0
2026-04-24,2026-04-23,49,300935,44.0
2026-04-24,2026-04-23,50,301285,44.0
2026-04-27,2026-04-24,1,603268,52.0
2026-04-27,2026-04-24,2,300005,50.0
2026-04-27,2026-04-24,3,600331,50.0
2026-04-27,2026-04-24,4,002848,49.0
2026-04-27,2026-04-24,5,300125,48.0
2026-04-27,2026-04-24,6,688448,48.0
2026-04-27,2026-04-24,7,001359,47.0
2026-04-27,2026-04-24,8,002028,47.0
2026-04-27,2026-04-24,9,002064,47.0
2026-04-27,2026-04-24,10,002496,47.0
2026-04-27,2026-04-24,11,300243,47.0
2026-04-27,2026-04-24,12,301086,47.0
2026-04-27,2026-04-24,13,002497,46.0
2026-04-27,2026-04-24,14,002647,46.0
2026-04-27,2026-04-24,15,002866,46.0
2026-04-27,2026-04-24,16,002937,46.0
2026-04-27,2026-04-24,17,300932,46.0
2026-04-27,2026-04-24,18,301003,46.0
2026-04-27,2026-04-24,19,301018,46.0
2026-04-27,2026-04-24,20,600773,46.0
2026-04-27,2026-04-24,21,601233,46.0
2026-04-27,2026-04-24,22,603021,46.0
2026-04-27,2026-04-24,23,603124,46.0
2026-04-27,2026-04-24,24,605100,46.0
2026-04-27,2026-04-24,25,002171,45.0
2026-04-27,2026-04-24,26,002418,45.0
2026-04-27,2026-04-24,27,002620,45.0
2026-04-27,2026-04-24,28,300037,45.0
2026-04-27,2026-04-24,29,300179,45.0
2026-04-27,2026-04-24,30,300343,45.0
2026-04-27,2026-04-24,31,300706,45.0
2026-04-27,2026-04-24,32,300935,45.0
2026-04-27,2026-04-24,33,601339,45.0
2026-04-27,2026-04-24,34,688359,45.0
2026-04-27,2026-04-24,35,688378,45.0
2026-04-27,2026-04-24,36,688625,45.0
2026-04-27,2026-04-24,37,688779,45.0
2026-04-27,2026-04-24,38,000301,44.0
2026-04-27,2026-04-24,39,000422,44.0
2026-04-27,2026-04-24,40,002203,44.0
2026-04-27,2026-04-24,41,002436,44.0
2026-04-27,2026-04-24,42,002552,44.0
2026-04-27,2026-04-24,43,002741,44.0
2026-04-27,2026-04-24,44,300097,44.0
2026-04-27,2026-04-24,45,300720,44.0
2026-04-27,2026-04-24,46,301421,44.0
2026-04-27,2026-04-24,47,600259,44.0
2026-04-27,2026-04-24,48,600338,44.0
2026-04-27,2026-04-24,49,600409,44.0
2026-04-27,2026-04-24,50,603813,44.0
2026-04-28,2026-04-27,1,603268,52.0
2026-04-28,2026-04-27,2,300005,51.0
2026-04-28,2026-04-27,3,002848,50.0
2026-04-28,2026-04-27,4,600331,50.0
2026-04-28,2026-04-27,5,300125,48.0
2026-04-28,2026-04-27,6,300243,48.0
2026-04-28,2026-04-27,7,688448,48.0
2026-04-28,2026-04-27,8,001359,47.0
2026-04-28,2026-04-27,9,002064,47.0
2026-04-28,2026-04-27,10,002496,47.0
2026-04-28,2026-04-27,11,300932,47.0
2026-04-28,2026-04-27,12,301018,47.0
2026-04-28,2026-04-27,13,600773,47.0
2026-04-28,2026-04-27,14,603124,47.0
2026-04-28,2026-04-27,15,688372,47.0
2026-04-28,2026-04-27,16,002497,46.0
2026-04-28,2026-04-27,17,002647,46.0
2026-04-28,2026-04-27,18,300179,46.0
2026-04-28,2026-04-27,19,300706,46.0
2026-04-28,2026-04-27,20,301028,46.0
2026-04-28,2026-04-27,21,301086,46.0
2026-04-28,2026-04-27,22,601233,46.0
2026-04-28,2026-04-27,23,605100,46.0
2026-04-28,2026-04-27,24,688359,46.0
2026-04-28,2026-04-27,25,000301,45.0
2026-04-28,2026-04-27,26,002552,45.0
2026-04-28,2026-04-27,27,002620,45.0
2026-04-28,2026-04-27,28,002866,45.0
2026-04-28,2026-04-27,29,002937,45.0
2026-04-28,2026-04-27,30,300037,45.0
2026-04-28,2026-04-27,31,300097,45.0
2026-04-28,2026-04-27,32,300343,45.0
2026-04-28,2026-04-27,33,300935,45.0
2026-04-28,2026-04-27,34,301003,45.0
2026-04-28,2026-04-27,35,301421,45.0
2026-04-28,2026-04-27,36,601339,45.0
2026-04-28,2026-04-27,37,688378,45.0
2026-04-28,2026-04-27,38,688450,45.0
2026-04-28,2026-04-27,39,688625,45.0
2026-04-28,2026-04-27,40,688779,45.0
2026-04-28,2026-04-27,41,000703,44.0
2026-04-28,2026-04-27,42,001317,44.0
2026-04-28,2026-04-27,43,002171,44.0
2026-04-28,2026-04-27,44,002203,44.0
2026-04-28,2026-04-27,45,002418,44.0
2026-04-28,2026-04-27,46,002436,44.0
2026-04-28,2026-04-27,47,002493,44.0
2026-04-28,2026-04-27,48,002539,44.0
2026-04-28,2026-04-27,49,002927,44.0
2026-04-28,2026-04-27,50,300252,44.0
2026-04-29,2026-04-28,1,603268,53.0
2026-04-29,2026-04-28,2,002848,50.0
2026-04-29,2026-04-28,3,300005,50.0
2026-04-29,2026-04-28,4,600331,49.0
2026-04-29,2026-04-28,5,001359,48.0
2026-04-29,2026-04-28,6,300243,48.0
2026-04-29,2026-04-28,7,688448,48.0
2026-04-29,2026-04-28,8,002064,47.0
2026-04-29,2026-04-28,9,002496,47.0
2026-04-29,2026-04-28,10,300125,47.0
2026-04-29,2026-04-28,11,300706,47.0
2026-04-29,2026-04-28,12,300932,47.0
2026-04-29,2026-04-28,13,600773,47.0
2026-04-29,2026-04-28,14,603124,47.0
2026-04-29,2026-04-28,15,688372,47.0
2026-04-29,2026-04-28,16,002647,46.0
2026-04-29,2026-04-28,17,002866,46.0
2026-04-29,2026-04-28,18,300179,46.0
2026-04-29,2026-04-28,19,301018,46.0
2026-04-29,2026-04-28,20,601233,46.0
2026-04-29,2026-04-28,21,605100,46.0
2026-04-29,2026-04-28,22,688359,46.0
2026-04-29,2026-04-28,23,000301,45.0
2026-04-29,2026-04-28,24,002497,45.0
2026-04-29,2026-04-28,25,002552,45.0
2026-04-29,2026-04-28,26,002620,45.0
2026-04-29,2026-04-28,27,002937,45.0
2026-04-29,2026-04-28,28,300097,45.0
2026-04-29,2026-04-28,29,300935,45.0
2026-04-29,2026-04-28,30,301003,45.0
2026-04-29,2026-04-28,31,301086,45.0
2026-04-29,2026-04-28,32,601339,45.0
2026-04-29,2026-04-28,33,603813,45.0
2026-04-29,2026-04-28,34,688450,45.0
2026-04-29,2026-04-28,35,688779,45.0
2026-04-29,2026-04-28,36,000422,44.0
2026-04-29,2026-04-28,37,000703,44.0
2026-04-29,2026-04-28,38,001317,44.0
2026-04-29,2026-04-28,39,002047,44.0
2026-04-29,2026-04-28,40,002281,44.0
2026-04-29,2026-04-28,41,002418,44.0
2026-04-29,2026-04-28,42,002493,44.0
2026-04-29,2026-04-28,43,002921,44.0
2026-04-29,2026-04-28,44,300037,44.0
2026-04-29,2026-04-28,45,301042,44.0
2026-04-29,2026-04-28,46,301329,44.0
2026-04-29,2026-04-28,47,301421,44.0
2026-04-29,2026-04-28,48,600338,44.0
2026-04-29,2026-04-28,49,600409,44.0
2026-04-29,2026-04-28,50,603527,44.0
2026-04-30,2026-04-29,1,603268,52.0
2026-04-30,2026-04-29,2,002848,51.0
2026-04-30,2026-04-29,3,300005,50.0
2026-04-30,2026-04-29,4,600331,50.0
2026-04-30,2026-04-29,5,001359,48.0
2026-04-30,2026-04-29,6,300125,48.0
2026-04-30,2026-04-29,7,300243,48.0
2026-04-30,2026-04-29,8,600773,48.0
2026-04-30,2026-04-29,9,688448,48.0
2026-04-30,2026-04-29,10,002064,47.0
2026-04-30,2026-04-29,11,002496,47.0
2026-04-30,2026-04-29,12,300706,47.0
2026-04-30,2026-04-29,13,300932,47.0
2026-04-30,2026-04-29,14,603124,47.0
2026-04-30,2026-04-29,15,688359,47.0
2026-04-30,2026-04-29,16,000301,46.0
2026-04-30,2026-04-29,17,002552,46.0
2026-04-30,2026-04-29,18,002647,46.0
2026-04-30,2026-04-29,19,002866,46.0
2026-04-30,2026-04-29,20,002937,46.0
2026-04-30,2026-04-29,21,300179,46.0
2026-04-30,2026-04-29,22,300935,46.0
2026-04-30,2026-04-29,23,301018,46.0
2026-04-30,2026-04-29,24,301086,46.0
2026-04-30,2026-04-29,25,601233,46.0
2026-04-30,2026-04-29,26,601339,46.0
2026-04-30,2026-04-29,27,688372,46.0
2026-04-30,2026-04-29,28,000422,45.0
2026-04-30,2026-04-29,29,002047,45.0
2026-04-30,2026-04-29,30,002418,45.0
2026-04-30,2026-04-29,31,002493,45.0
2026-04-30,2026-04-29,32,002620,45.0
2026-04-30,2026-04-29,33,002921,45.0
2026-04-30,2026-04-29,34,301003,45.0
2026-04-30,2026-04-29,35,301571,45.0
2026-04-30,2026-04-29,36,600409,45.0
2026-04-30,2026-04-29,37,603813,45.0
2026-04-30,2026-04-29,38,605100,45.0
2026-04-30,2026-04-29,39,688127,45.0
2026-04-30,2026-04-29,40,688367,45.0
2026-04-30,2026-04-29,41,688378,45.0
2026-04-30,2026-04-29,42,688450,45.0
2026-04-30,2026-04-29,43,688625,45.0
2026-04-30,2026-04-29,44,000155,44.0
2026-04-30,2026-04-29,45,000703,44.0
2026-04-30,2026-04-29,46,001317,44.0
2026-04-30,2026-04-29,47,002043,44.0
2026-04-30,2026-04-29,48,002203,44.0
2026-04-30,2026-04-29,49,002213,44.0
2026-04-30,2026-04-29,50,002281,44.0
